lineage,date,kind,mechanism,age_days
lineage_00243,2022-03-16 19:07:15+00:00,suppression,predicate,258
lineage_00077,2025-12-09 09:11:46+00:00,suppression,predicate,515
lineage_01979,2022-10-05 15:19:48+00:00,suppression,predicate,888
lineage_01854,2025-07-03 09:58:57+00:00,suppression,predicate,905
lineage_02031,2022-07-28 14:58:24+00:00,suppression,predicate,659
lineage_02807,2017-10-29 22:57:39+00:00,suppression,predicate,259
lineage_02243,2025-06-23 09:43:43+00:00,suppression,predicate,516
lineage_02243,2025-07-08 08:29:01+00:00,suppression,predicate,531
lineage_02243,2025-10-18 01:22:22+00:00,suppression,predicate,633
lineage_00531,2022-08-26 16:09:11+00:00,suppression,value,0
lineage_00531,2022-08-29 14:58:12+00:00,suppression,predicate,2
lineage_02634,2025-06-23 09:43:43+00:00,suppression,predicate,328
lineage_02634,2025-07-08 08:29:01+00:00,suppression,value,343
lineage_00902,2022-04-06 15:07:00+00:00,suppression,predicate,890
lineage_00902,2022-06-29 11:20:57+00:00,suppression,predicate,974
lineage_00902,2022-06-30 16:25:31+00:00,suppression,predicate,975
lineage_00902,2022-07-20 11:02:49+00:00,suppression,predicate,995
lineage_00902,2022-07-28 14:58:24+00:00,suppression,predicate,1003
lineage_00902,2022-07-31 11:22:39+00:00,suppression,predicate,1006
lineage_00902,2022-08-12 12:42:52+00:00,suppression,predicate,1018
lineage_00902,2022-08-26 15:29:49+00:00,suppression,predicate,1032
lineage_00902,2022-09-27 10:13:16+00:00,suppression,predicate,1064
lineage_00902,2022-12-14 12:21:54+00:00,suppression,predicate,1142
lineage_00902,2023-02-28 09:22:47+00:00,suppression,predicate,1218
lineage_00902,2023-02-28 11:16:55+00:00,suppression,predicate,1218
lineage_00902,2023-10-04 17:06:57+00:00,suppression,predicate,1436
lineage_00902,2023-10-23 08:35:57+00:00,suppression,value,1455
lineage_00902,2023-11-15 13:27:18+00:00,suppression,predicate,1478
lineage_00902,2023-11-15 13:59:42+00:00,suppression,predicate,1478
lineage_00902,2023-11-15 14:35:43+00:00,suppression,predicate,1478
lineage_00902,2024-01-23 11:15:04+00:00,suppression,predicate,1547
lineage_00902,2024-07-15 13:26:33+00:00,suppression,value,1721
lineage_00902,2025-06-23 09:43:43+00:00,suppression,predicate,2064
lineage_00902,2025-07-08 08:29:01+00:00,suppression,predicate,2079
lineage_03719,2022-08-17 07:19:15+00:00,suppression,predicate,153
lineage_03719,2022-09-29 12:07:38+00:00,suppression,predicate,196
lineage_03719,2023-05-05 15:52:47+00:00,suppression,predicate,415
lineage_03719,2023-06-30 07:39:55+00:00,suppression,predicate,470
lineage_03719,2023-07-05 08:31:47+00:00,suppression,predicate,475
lineage_03719,2023-07-13 08:04:03+00:00,suppression,predicate,483
lineage_03719,2023-10-23 08:35:57+00:00,suppression,predicate,585
lineage_03719,2024-03-06 23:01:03+00:00,suppression,predicate,721
lineage_03719,2025-07-08 08:29:01+00:00,suppression,predicate,1209
lineage_01890,2022-10-31 19:57:22+00:00,suppression,value,7
lineage_01890,2023-04-18 16:05:08+00:00,suppression,predicate,176
lineage_01890,2023-06-13 22:23:28+00:00,suppression,predicate,232
lineage_02019,2022-08-20 15:19:24+00:00,suppression,predicate,0
lineage_02019,2022-09-08 14:28:05+00:00,suppression,predicate,18
lineage_02019,2022-09-18 10:54:37+00:00,suppression,predicate,28
lineage_02019,2022-09-21 11:51:19+00:00,suppression,value,31
lineage_02019,2023-10-04 17:06:57+00:00,suppression,predicate,410
lineage_03909,2022-10-31 19:57:22+00:00,suppression,predicate,112
lineage_03909,2023-04-18 20:47:11+00:00,suppression,predicate,281
lineage_03909,2023-10-04 17:06:57+00:00,suppression,predicate,450
lineage_00468,2021-09-10 17:14:43+00:00,suppression,value,64
lineage_00468,2022-10-31 19:57:22+00:00,suppression,value,480
lineage_00468,2023-04-18 16:05:08+00:00,suppression,predicate,649
lineage_00913,2022-04-09 15:51:01+00:00,suppression,predicate,0
lineage_00913,2022-06-18 07:10:17+00:00,suppression,predicate,69
lineage_00913,2022-06-29 11:20:57+00:00,suppression,predicate,80
lineage_00913,2022-06-30 13:18:39+00:00,suppression,value,81
lineage_00913,2022-07-06 13:38:31+00:00,suppression,predicate,87
lineage_00913,2022-07-27 08:52:08+00:00,suppression,predicate,108
lineage_00913,2023-02-17 16:51:44+00:00,suppression,predicate,314
lineage_02935,2024-07-31 08:33:46+00:00,suppression,predicate,222
lineage_02020,2022-09-06 13:11:37+00:00,suppression,predicate,5
lineage_02020,2022-10-25 14:21:14+00:00,suppression,predicate,54
lineage_02020,2026-01-29 08:25:27+00:00,suppression,predicate,1245
lineage_00310,2022-01-15 22:33:36+00:00,suppression,value,108
lineage_00173,2022-09-21 09:57:10+00:00,suppression,predicate,708
lineage_02632,2023-10-23 08:35:57+00:00,suppression,value,46
lineage_02632,2024-04-26 13:39:44+00:00,suppression,predicate,233
lineage_02632,2025-07-08 08:29:01+00:00,suppression,predicate,670
lineage_02675,2026-03-31 17:47:28+00:00,suppression,value,163
lineage_03451,2020-09-06 13:17:53+00:00,suppression,value,163
lineage_03451,2021-12-11 19:23:12+00:00,suppression,value,625
lineage_03451,2022-02-21 17:43:18+00:00,suppression,value,697
lineage_03451,2022-03-26 15:23:57+00:00,suppression,predicate,730
lineage_03451,2022-04-21 08:48:59+00:00,suppression,predicate,755
lineage_03451,2022-08-16 13:45:20+00:00,suppression,predicate,872
lineage_03451,2022-08-24 15:34:36+00:00,suppression,value,881
lineage_03451,2023-01-12 16:09:36+00:00,suppression,predicate,1022
lineage_03451,2023-10-23 08:35:57+00:00,suppression,predicate,1305
lineage_00933,2023-02-13 23:51:20+00:00,suppression,predicate,188
lineage_01489,2022-01-08 14:12:17+00:00,suppression,predicate,9
lineage_01489,2022-01-10 23:00:24+00:00,suppression,value,12
lineage_01489,2022-11-08 11:05:38+00:00,suppression,predicate,313
lineage_02396,2021-05-16 13:23:31+00:00,suppression,predicate,352
lineage_02396,2021-10-28 11:32:15+00:00,suppression,predicate,517
lineage_02396,2022-02-07 16:58:58+00:00,suppression,predicate,619
lineage_02396,2022-02-22 07:52:51+00:00,suppression,value,634
lineage_02396,2022-07-06 14:38:25+00:00,suppression,predicate,768
lineage_02396,2022-07-27 06:09:11+00:00,suppression,predicate,789
lineage_02396,2022-10-28 15:25:53+00:00,suppression,predicate,882
lineage_02396,2022-11-07 12:37:11+00:00,suppression,value,892
lineage_02396,2022-11-08 11:05:38+00:00,suppression,predicate,893
lineage_02396,2022-11-09 15:44:58+00:00,suppression,value,894
lineage_02396,2022-11-10 15:31:54+00:00,suppression,value,895
lineage_02396,2023-01-24 15:59:39+00:00,suppression,predicate,970
lineage_02396,2023-03-23 09:52:08+00:00,suppression,predicate,1028
lineage_02396,2023-10-23 08:35:57+00:00,suppression,value,1242
lineage_02396,2023-11-10 16:32:28+00:00,suppression,predicate,1260
lineage_02396,2025-10-09 11:03:39+00:00,suppression,value,1959
lineage_02396,2025-12-09 02:44:51+00:00,suppression,predicate,2020
lineage_00103,2021-12-01 15:35:51+00:00,suppression,predicate,621
lineage_00103,2022-09-21 09:53:39+00:00,suppression,predicate,915
lineage_00103,2022-10-07 20:31:13+00:00,suppression,predicate,931
lineage_00103,2025-12-09 02:30:03+00:00,suppression,predicate,2090
lineage_02582,2022-06-17 10:59:17+00:00,suppression,predicate,279
lineage_02582,2022-10-13 11:25:05+00:00,suppression,predicate,397
lineage_01985,2023-10-08 22:07:56+00:00,suppression,value,45
lineage_01985,2025-01-15 11:25:00+00:00,suppression,value,510
lineage_04382,2023-02-23 12:30:31+00:00,suppression,predicate,97
lineage_03299,2022-04-28 14:33:27+00:00,suppression,value,0
lineage_03299,2022-10-07 20:31:13+00:00,suppression,value,162
lineage_03299,2023-02-23 11:49:44+00:00,suppression,value,300
lineage_03523,2022-06-10 19:06:03+00:00,suppression,predicate,0
lineage_03523,2022-09-20 09:20:33+00:00,suppression,value,101
lineage_03523,2025-09-22 09:46:48+00:00,suppression,predicate,1199
lineage_00050,2023-10-04 17:06:57+00:00,suppression,predicate,254
lineage_00022,2022-02-09 16:47:22+00:00,suppression,predicate,162
lineage_00022,2022-03-02 13:48:37+00:00,suppression,predicate,183
lineage_00022,2025-10-17 02:12:13+00:00,suppression,predicate,1507
lineage_01585,2022-06-06 19:51:15+00:00,suppression,predicate,1
lineage_01585,2023-12-21 20:04:18+00:00,suppression,value,564
lineage_02157,2022-07-07 16:42:05+00:00,suppression,predicate,632
lineage_02157,2025-10-29 08:52:39+00:00,suppression,predicate,1842
lineage_01420,2023-05-15 13:53:39+00:00,suppression,value,59
lineage_01420,2025-04-07 09:05:53+00:00,suppression,value,751
lineage_01420,2025-07-08 08:29:01+00:00,suppression,predicate,843
lineage_03532,2023-10-04 17:06:57+00:00,suppression,value,142
lineage_03532,2023-10-23 08:35:57+00:00,suppression,value,160
lineage_03532,2025-10-09 11:03:39+00:00,suppression,predicate,877
lineage_03123,2023-06-01 21:35:57+00:00,suppression,value,0
lineage_03123,2023-10-23 08:35:57+00:00,suppression,value,143
lineage_03123,2023-12-21 20:04:18+00:00,suppression,value,202
lineage_03123,2025-10-09 11:03:39+00:00,suppression,predicate,860
lineage_00392,2024-04-03 08:08:50+00:00,suppression,predicate,599
lineage_00392,2024-04-05 06:47:18+00:00,suppression,predicate,601
lineage_00392,2024-04-15 11:43:35+00:00,suppression,predicate,611
lineage_00392,2025-08-14 12:09:46+00:00,suppression,predicate,1097
lineage_00392,2025-10-09 11:03:39+00:00,suppression,predicate,1153
lineage_01812,2022-07-27 06:12:32+00:00,suppression,predicate,652
lineage_01812,2022-10-07 20:31:13+00:00,suppression,predicate,724
lineage_01812,2025-10-17 02:12:13+00:00,suppression,predicate,1830
lineage_01812,2025-12-09 02:44:51+00:00,suppression,value,1883
lineage_03092,2022-03-13 18:22:08+00:00,suppression,predicate,3
lineage_03092,2022-03-29 17:48:40+00:00,suppression,predicate,19
lineage_03092,2022-04-17 07:28:43+00:00,suppression,predicate,38
lineage_03092,2022-04-19 16:53:18+00:00,suppression,predicate,40
lineage_03092,2022-04-28 18:40:19+00:00,suppression,predicate,49
lineage_03092,2022-06-04 10:44:51+00:00,suppression,value,86
lineage_03092,2022-07-27 06:09:11+00:00,suppression,value,139
lineage_03092,2022-11-03 08:39:48+00:00,suppression,predicate,238
lineage_03092,2022-11-08 11:05:38+00:00,suppression,predicate,243
lineage_03092,2022-12-07 10:52:38+00:00,suppression,predicate,272
lineage_03092,2023-01-18 17:41:07+00:00,suppression,predicate,314
lineage_03092,2023-01-20 10:39:08+00:00,suppression,value,316
lineage_03092,2023-11-06 13:21:23+00:00,suppression,predicate,606
lineage_03092,2025-06-04 15:44:31+00:00,suppression,value,1182
lineage_02705,2026-03-31 17:47:28+00:00,suppression,predicate,1341
lineage_04244,2023-03-28 14:27:37+00:00,suppression,value,141
lineage_04244,2023-03-29 04:42:21+00:00,suppression,predicate,141
lineage_04244,2023-05-15 13:53:39+00:00,suppression,predicate,189
lineage_04678,2025-05-12 11:31:38+00:00,suppression,predicate,83
lineage_04678,2025-12-09 02:44:51+00:00,suppression,predicate,294
lineage_04381,2023-05-05 16:19:05+00:00,suppression,value,0
lineage_02869,2022-04-27 13:04:39+00:00,suppression,value,0
lineage_00856,2020-05-18 11:19:06+00:00,suppression,predicate,209
lineage_00856,2022-05-24 22:31:05+00:00,suppression,predicate,945
lineage_00856,2022-09-18 14:33:49+00:00,suppression,predicate,1062
lineage_03456,2024-11-29 12:06:11+00:00,suppression,value,934
lineage_03456,2025-12-09 02:44:51+00:00,suppression,value,1309
lineage_02755,2022-02-25 12:55:37+00:00,suppression,value,5
lineage_02755,2022-03-07 14:41:00+00:00,suppression,predicate,15
lineage_02755,2022-03-11 19:07:18+00:00,suppression,value,20
lineage_02755,2022-03-13 18:22:08+00:00,suppression,predicate,22
lineage_02755,2022-04-11 09:35:19+00:00,suppression,value,50
lineage_02755,2022-10-07 20:22:59+00:00,suppression,predicate,230
lineage_02755,2022-10-07 20:36:21+00:00,suppression,predicate,230
lineage_02755,2022-10-15 09:14:48+00:00,suppression,predicate,237
lineage_02755,2022-10-15 09:23:41+00:00,suppression,predicate,237
lineage_02755,2023-11-15 13:27:18+00:00,suppression,predicate,633
lineage_02755,2023-11-15 13:59:42+00:00,suppression,predicate,633
lineage_02755,2023-11-15 14:35:43+00:00,suppression,predicate,633
lineage_03025,2022-07-18 10:23:23+00:00,suppression,value,1
lineage_03025,2022-08-31 14:08:12+00:00,suppression,value,45
lineage_03025,2022-09-21 09:53:39+00:00,suppression,predicate,66
lineage_02133,2021-12-03 18:02:24+00:00,suppression,value,771
lineage_02133,2021-12-04 09:57:13+00:00,suppression,predicate,771
lineage_02133,2021-12-07 09:38:10+00:00,suppression,value,774
lineage_02133,2022-02-21 17:43:18+00:00,suppression,value,851
lineage_02133,2022-11-08 11:10:20+00:00,suppression,predicate,1110
lineage_02133,2022-11-22 00:22:36+00:00,suppression,predicate,1124
lineage_00620,2023-04-03 10:06:14+00:00,suppression,predicate,21
lineage_00620,2025-06-04 15:44:31+00:00,suppression,value,814
lineage_02306,2021-11-27 12:10:53+00:00,suppression,value,500
lineage_02306,2021-12-08 17:06:03+00:00,suppression,value,511
lineage_02306,2022-01-06 20:06:29+00:00,suppression,predicate,540
lineage_02306,2022-02-21 17:43:18+00:00,suppression,value,586
lineage_02306,2022-10-18 14:39:04+00:00,suppression,predicate,825
lineage_02306,2023-04-03 10:06:14+00:00,suppression,predicate,991
lineage_02306,2023-04-18 16:05:08+00:00,suppression,predicate,1007
lineage_01902,2021-11-16 22:27:00+00:00,suppression,predicate,382
lineage_01902,2021-11-20 10:33:43+00:00,suppression,value,386
lineage_01902,2021-11-23 23:27:43+00:00,suppression,value,389
lineage_01902,2021-11-25 14:36:08+00:00,suppression,predicate,391
lineage_01902,2021-11-29 09:57:01+00:00,suppression,predicate,395
lineage_01902,2021-12-03 16:31:59+00:00,suppression,value,399
lineage_01902,2022-02-10 15:12:17+00:00,suppression,value,468
lineage_01902,2022-05-02 14:25:33+00:00,suppression,predicate,549
lineage_01902,2022-08-13 07:59:31+00:00,suppression,predicate,652
lineage_01902,2022-09-20 09:20:33+00:00,suppression,value,690
lineage_01902,2022-09-21 11:51:19+00:00,suppression,value,691
lineage_01902,2022-10-07 14:49:02+00:00,suppression,predicate,707
lineage_01902,2022-10-24 11:45:10+00:00,suppression,predicate,724
lineage_01902,2023-01-20 10:39:08+00:00,suppression,value,812
lineage_01902,2025-12-09 02:30:03+00:00,suppression,value,1866
lineage_02265,2021-11-16 12:11:11+00:00,suppression,predicate,749
lineage_02265,2021-11-24 12:47:30+00:00,suppression,predicate,757
lineage_02265,2021-11-29 14:47:50+00:00,suppression,predicate,762
lineage_02265,2021-12-12 12:09:27+00:00,suppression,value,775
lineage_02265,2021-12-16 08:45:50+00:00,suppression,value,779
lineage_02265,2022-02-01 14:57:44+00:00,suppression,value,826
lineage_02265,2022-08-09 08:55:05+00:00,suppression,predicate,1015
lineage_02265,2024-03-11 15:58:55+00:00,suppression,predicate,1595
lineage_03162,2025-12-09 02:36:14+00:00,suppression,predicate,741
lineage_01336,2021-11-16 16:30:23+00:00,suppression,value,399
lineage_01336,2021-11-23 11:33:11+00:00,suppression,value,406
lineage_01336,2021-11-25 14:36:08+00:00,suppression,value,408
lineage_01336,2021-11-26 13:42:21+00:00,suppression,predicate,409
lineage_01336,2021-11-27 08:13:53+00:00,suppression,predicate,410
lineage_01336,2021-11-27 10:52:48+00:00,suppression,value,410
lineage_01336,2021-11-27 13:54:03+00:00,suppression,value,410
lineage_01336,2021-12-02 11:55:42+00:00,suppression,predicate,415
lineage_01336,2022-08-13 07:59:31+00:00,suppression,predicate,669
lineage_03018,2020-05-23 14:56:23+00:00,suppression,value,173
lineage_03018,2020-07-09 14:26:54+00:00,suppression,value,220
lineage_03018,2020-09-06 13:25:56+00:00,suppression,value,279
lineage_03018,2020-10-12 16:05:08+00:00,suppression,value,315
lineage_03018,2021-11-10 17:38:15+00:00,suppression,value,709
lineage_03018,2021-11-22 11:20:21+00:00,suppression,value,721
lineage_03018,2021-11-22 12:45:31+00:00,suppression,value,721
lineage_03018,2021-11-27 13:54:03+00:00,suppression,predicate,726
lineage_03018,2022-02-16 16:00:27+00:00,suppression,value,807
lineage_03018,2022-02-21 17:43:18+00:00,suppression,predicate,812
lineage_03018,2022-04-21 08:48:59+00:00,suppression,predicate,871
lineage_03018,2022-10-10 15:33:14+00:00,suppression,value,1043
lineage_03018,2022-11-08 11:05:38+00:00,suppression,predicate,1072
lineage_03018,2023-05-31 15:10:24+00:00,suppression,predicate,1276
lineage_03018,2024-01-23 11:15:04+00:00,suppression,predicate,1513
lineage_03018,2025-06-04 15:44:31+00:00,suppression,value,2011
lineage_03018,2025-10-09 11:03:39+00:00,suppression,predicate,2138
lineage_02731,2021-07-08 07:05:57+00:00,suppression,value,0
lineage_02731,2022-02-21 17:43:18+00:00,suppression,value,229
lineage_02731,2022-04-07 08:49:10+00:00,suppression,value,273
lineage_02731,2022-05-06 12:24:04+00:00,suppression,value,302
lineage_02731,2022-05-27 13:16:30+00:00,suppression,value,323
lineage_02731,2022-07-27 06:09:11+00:00,suppression,predicate,384
lineage_02731,2022-10-31 10:31:30+00:00,suppression,value,480
lineage_02731,2022-10-31 18:40:07+00:00,suppression,predicate,481
lineage_02731,2022-10-31 19:24:22+00:00,suppression,value,481
lineage_02731,2023-03-28 12:42:15+00:00,suppression,value,628
lineage_02731,2024-04-02 07:27:58+00:00,suppression,value,999
lineage_02731,2025-07-14 10:04:39+00:00,suppression,value,1467
lineage_02185,2022-10-31 19:17:15+00:00,suppression,value,0
lineage_02185,2022-12-14 12:05:58+00:00,suppression,value,43
lineage_02185,2023-02-17 16:51:44+00:00,suppression,predicate,108
lineage_02185,2023-02-17 22:16:42+00:00,suppression,value,109
lineage_02185,2023-02-17 22:23:31+00:00,suppression,predicate,109
lineage_02185,2023-04-20 07:48:47+00:00,suppression,value,170
lineage_02185,2025-10-09 11:03:39+00:00,suppression,predicate,1073
lineage_01780,2023-02-17 22:16:42+00:00,suppression,value,0
lineage_01780,2023-02-17 22:23:31+00:00,suppression,predicate,0
lineage_01780,2023-03-28 12:55:57+00:00,suppression,value,38
lineage_01780,2025-01-19 21:02:29+00:00,suppression,value,702
lineage_01780,2025-10-09 11:03:39+00:00,suppression,predicate,964
lineage_01780,2025-12-09 02:44:51+00:00,suppression,predicate,1025
lineage_00326,2022-02-04 08:32:29+00:00,suppression,predicate,0
lineage_00411,2022-09-21 11:12:21+00:00,suppression,predicate,34
lineage_00411,2022-10-13 10:36:25+00:00,suppression,predicate,56
lineage_00411,2025-10-09 11:03:39+00:00,suppression,predicate,1148
lineage_04642,2026-02-28 13:21:29+00:00,suppression,value,779
lineage_00306,2023-05-05 15:52:47+00:00,suppression,predicate,192
lineage_00306,2025-10-09 11:03:39+00:00,suppression,predicate,1080
lineage_02981,2023-05-05 15:52:47+00:00,suppression,predicate,192
lineage_02981,2025-10-09 11:03:39+00:00,suppression,predicate,1080
lineage_03007,2024-08-07 08:25:18+00:00,suppression,predicate,26
lineage_03538,2023-06-11 22:34:04+00:00,suppression,value,2
lineage_04100,2022-08-14 23:34:58+00:00,suppression,value,0
lineage_04100,2022-08-15 11:49:46+00:00,suppression,predicate,0
lineage_04100,2022-08-24 00:17:53+00:00,suppression,predicate,9
lineage_04100,2022-09-20 09:20:33+00:00,suppression,predicate,36
lineage_04100,2022-09-28 08:48:30+00:00,suppression,predicate,44
lineage_04100,2022-09-29 09:15:10+00:00,suppression,predicate,45
lineage_04100,2022-09-29 09:20:08+00:00,suppression,predicate,45
lineage_04100,2022-10-07 20:13:47+00:00,suppression,predicate,53
lineage_04100,2023-02-28 14:22:25+00:00,suppression,predicate,197
lineage_04100,2023-05-16 07:38:53+00:00,suppression,predicate,274
lineage_04100,2023-05-16 13:37:13+00:00,suppression,predicate,274
lineage_04100,2023-10-28 10:54:05+00:00,suppression,predicate,439
lineage_04100,2024-03-11 15:58:55+00:00,suppression,predicate,574
lineage_04100,2024-07-11 10:57:37+00:00,suppression,predicate,696
lineage_04100,2025-06-04 15:44:31+00:00,suppression,value,1024
lineage_04100,2025-12-09 02:44:51+00:00,suppression,predicate,1212
lineage_03145,2025-10-09 11:03:39+00:00,suppression,predicate,877
lineage_04395,2025-10-09 11:03:39+00:00,suppression,predicate,55
lineage_04191,2025-06-04 15:44:31+00:00,suppression,value,328
lineage_04362,2024-01-10 19:14:20+00:00,suppression,predicate,397
lineage_01638,2025-10-01 09:46:41+00:00,suppression,predicate,359
lineage_02859,2023-05-08 23:33:13+00:00,suppression,predicate,1
lineage_01178,2023-03-13 13:14:58+00:00,suppression,value,0
lineage_01178,2023-05-15 13:53:39+00:00,suppression,predicate,63
lineage_02668,2022-08-17 19:27:55+00:00,suppression,value,15
lineage_02668,2023-08-07 14:09:21+00:00,suppression,value,369
lineage_04115,2023-05-18 20:33:35+00:00,suppression,predicate,0
lineage_01555,2022-08-10 09:23:42+00:00,suppression,predicate,22
lineage_01555,2022-09-02 11:31:49+00:00,suppression,value,46
lineage_01555,2022-09-03 07:30:24+00:00,suppression,predicate,46
lineage_01555,2022-09-10 09:42:44+00:00,suppression,value,53
lineage_01555,2022-09-29 09:15:10+00:00,suppression,predicate,72
lineage_01555,2022-09-29 09:20:08+00:00,suppression,predicate,72
lineage_01555,2022-10-12 14:59:25+00:00,suppression,predicate,86
lineage_01555,2022-12-02 22:16:03+00:00,suppression,predicate,137
lineage_00997,2021-12-03 18:02:24+00:00,suppression,predicate,416
lineage_00997,2021-12-05 10:21:40+00:00,suppression,predicate,418
lineage_00997,2022-09-21 11:12:21+00:00,suppression,value,708
lineage_00997,2022-11-01 00:05:42+00:00,suppression,predicate,749
lineage_00998,2024-03-07 12:42:05+00:00,suppression,predicate,45
lineage_00998,2025-07-16 11:44:42+00:00,suppression,value,541
lineage_00998,2025-10-09 11:03:39+00:00,suppression,predicate,626
lineage_02660,2021-11-23 08:37:20+00:00,suppression,predicate,411
lineage_03036,2020-03-24 18:47:10+00:00,suppression,value,152
lineage_03036,2020-05-23 19:06:15+00:00,suppression,value,212
lineage_03036,2020-05-25 08:50:22+00:00,suppression,value,213
lineage_03036,2020-06-01 07:30:27+00:00,suppression,value,220
lineage_03036,2020-07-09 14:26:54+00:00,suppression,value,259
lineage_03036,2020-07-09 17:32:21+00:00,suppression,value,259
lineage_03036,2021-08-18 15:26:57+00:00,suppression,value,664
lineage_03036,2021-11-16 12:04:52+00:00,suppression,value,753
lineage_03036,2021-11-16 12:39:32+00:00,suppression,value,753
lineage_03036,2021-11-16 22:27:00+00:00,suppression,value,754
lineage_03036,2021-11-17 15:37:27+00:00,suppression,value,755
lineage_03036,2021-11-19 11:15:01+00:00,suppression,predicate,756
lineage_03036,2021-11-20 10:54:19+00:00,suppression,value,757
lineage_03036,2021-11-25 14:36:08+00:00,suppression,value,763
lineage_03036,2022-01-12 10:32:34+00:00,suppression,value,810
lineage_03036,2023-06-16 04:41:58+00:00,suppression,value,1330
lineage_03036,2023-08-08 19:53:37+00:00,suppression,predicate,1384
lineage_03036,2025-06-04 15:44:31+00:00,suppression,value,2050
lineage_02928,2021-11-23 23:27:43+00:00,suppression,predicate,406
lineage_02928,2021-11-24 15:58:53+00:00,suppression,value,407
lineage_02928,2021-11-25 14:36:08+00:00,suppression,value,408
lineage_02928,2021-11-27 07:53:05+00:00,suppression,value,410
lineage_02928,2021-12-03 17:24:33+00:00,suppression,predicate,416
lineage_02928,2021-12-16 08:45:50+00:00,suppression,value,429
lineage_02928,2021-12-27 16:13:17+00:00,suppression,value,440
lineage_02928,2022-01-02 15:12:30+00:00,suppression,predicate,446
lineage_02928,2022-02-21 17:43:18+00:00,suppression,predicate,496
lineage_02928,2022-07-18 11:55:14+00:00,suppression,predicate,643
lineage_02928,2022-09-18 10:56:52+00:00,suppression,predicate,705
lineage_02928,2022-10-07 20:31:13+00:00,suppression,predicate,724
lineage_02928,2025-06-04 15:44:31+00:00,suppression,value,1695
lineage_02928,2025-10-17 02:12:13+00:00,suppression,value,1829
lineage_00816,2024-05-31 11:53:53+00:00,suppression,predicate,639
lineage_04253,2024-03-13 13:51:21+00:00,suppression,predicate,274
lineage_01732,2021-12-07 19:47:13+00:00,suppression,predicate,512
lineage_01732,2022-04-21 08:48:59+00:00,suppression,value,646
lineage_01732,2023-01-18 17:41:07+00:00,suppression,predicate,918
lineage_01732,2023-01-20 10:39:08+00:00,suppression,value,920
lineage_01732,2024-02-12 11:29:36+00:00,suppression,value,1308
lineage_01732,2024-03-11 13:33:00+00:00,suppression,predicate,1336
lineage_01732,2024-03-13 13:51:21+00:00,suppression,predicate,1338
lineage_01732,2024-07-17 09:04:05+00:00,suppression,predicate,1464
lineage_03623,2024-07-17 09:04:05+00:00,suppression,predicate,21
lineage_03382,2022-08-17 16:43:47+00:00,suppression,value,0
lineage_03382,2023-04-18 16:05:08+00:00,suppression,predicate,244
lineage_03382,2023-07-20 11:47:30+00:00,suppression,predicate,336
lineage_03382,2023-09-08 09:31:22+00:00,suppression,predicate,386
lineage_03382,2023-10-04 17:06:57+00:00,suppression,predicate,413
lineage_03382,2024-02-12 11:29:36+00:00,suppression,predicate,543
lineage_03382,2024-07-17 09:04:05+00:00,suppression,predicate,699
lineage_00338,2022-04-21 05:54:58+00:00,suppression,predicate,0
lineage_03144,2020-05-14 11:22:49+00:00,suppression,predicate,0
lineage_02760,2024-02-12 11:29:36+00:00,suppression,predicate,823
lineage_02760,2024-03-11 13:33:00+00:00,suppression,predicate,851
lineage_02760,2024-03-13 13:51:21+00:00,suppression,predicate,853
lineage_02760,2024-07-17 09:04:05+00:00,suppression,predicate,979
lineage_02760,2025-10-09 11:03:39+00:00,suppression,predicate,1428
lineage_02760,2025-10-17 02:12:13+00:00,suppression,predicate,1436
lineage_02956,2024-07-17 09:04:05+00:00,suppression,value,155
lineage_02956,2025-10-17 02:12:13+00:00,suppression,value,612
lineage_01143,2017-03-13 17:45:15+00:00,suppression,predicate,0
lineage_01143,2017-03-13 18:09:29+00:00,suppression,predicate,0
lineage_01143,2019-01-04 09:50:41+00:00,suppression,value,661
lineage_01143,2021-06-14 06:48:24+00:00,suppression,value,1553
lineage_01143,2021-12-01 17:29:00+00:00,suppression,predicate,1724
lineage_01143,2023-01-20 10:39:08+00:00,suppression,predicate,2138
lineage_01143,2024-03-13 13:51:21+00:00,suppression,predicate,2557
lineage_03619,2022-09-21 09:53:39+00:00,suppression,predicate,284
lineage_03619,2025-02-22 22:57:41+00:00,suppression,predicate,1170
lineage_00976,2019-07-23 12:58:36+00:00,suppression,value,69
lineage_00976,2021-11-10 17:09:15+00:00,suppression,value,910
lineage_00976,2021-12-29 14:27:22+00:00,suppression,value,959
lineage_00976,2022-02-21 17:43:18+00:00,suppression,predicate,1013
lineage_00976,2022-06-19 14:31:10+00:00,suppression,value,1131
lineage_00976,2022-06-20 14:17:54+00:00,suppression,value,1132
lineage_00976,2022-09-02 14:57:23+00:00,suppression,value,1206
lineage_00976,2022-11-03 08:39:48+00:00,suppression,predicate,1267
lineage_00976,2023-03-21 15:32:46+00:00,suppression,predicate,1406
lineage_00976,2023-04-18 16:08:08+00:00,suppression,predicate,1434
lineage_00976,2023-04-20 07:48:47+00:00,suppression,predicate,1435
lineage_00976,2024-01-23 11:15:04+00:00,suppression,predicate,1714
lineage_02044,2023-04-18 16:05:08+00:00,suppression,predicate,57
lineage_01939,2019-01-04 09:50:41+00:00,suppression,value,425
lineage_01939,2021-12-16 18:54:22+00:00,suppression,predicate,1503
lineage_01939,2021-12-27 18:47:32+00:00,suppression,predicate,1514
lineage_01939,2022-02-26 12:18:18+00:00,suppression,predicate,1574
lineage_01939,2022-05-02 14:25:33+00:00,suppression,predicate,1640
lineage_01939,2022-10-04 17:21:41+00:00,suppression,value,1795
lineage_01939,2023-02-05 10:14:05+00:00,suppression,predicate,1918
lineage_01939,2024-03-11 13:33:00+00:00,suppression,predicate,2318
lineage_01939,2024-03-13 13:51:21+00:00,suppression,predicate,2321
lineage_02757,2022-07-18 19:51:00+00:00,suppression,value,4
lineage_02757,2023-09-07 14:16:40+00:00,suppression,predicate,419
lineage_02757,2023-09-28 09:13:34+00:00,suppression,predicate,440
lineage_04082,2022-05-26 18:16:55+00:00,suppression,predicate,1894
lineage_04082,2024-08-23 09:16:06+00:00,suppression,value,2713
lineage_04082,2025-12-12 02:19:27+00:00,suppression,value,3189
lineage_01843,2019-02-23 18:15:03+00:00,suppression,predicate,706
lineage_01843,2023-05-02 17:02:53+00:00,suppression,value,2235
lineage_01843,2024-03-11 13:33:00+00:00,suppression,predicate,2548
lineage_01843,2024-03-13 13:51:21+00:00,suppression,predicate,2550
lineage_00712,2024-03-11 13:33:00+00:00,suppression,predicate,80
lineage_00712,2024-03-13 13:51:21+00:00,suppression,predicate,82
lineage_00115,2021-12-02 14:55:12+00:00,suppression,value,765
lineage_00115,2024-03-18 11:00:59+00:00,suppression,predicate,1602
lineage_00852,2024-03-11 13:33:00+00:00,suppression,predicate,682
lineage_00852,2024-03-13 13:51:21+00:00,suppression,predicate,684
lineage_01850,2022-02-16 16:16:50+00:00,suppression,predicate,39
lineage_01850,2022-09-21 09:53:39+00:00,suppression,predicate,256
lineage_02006,2022-02-16 16:00:27+00:00,suppression,value,846
lineage_02006,2022-06-20 10:52:23+00:00,suppression,predicate,969
lineage_02006,2022-08-09 08:56:00+00:00,suppression,predicate,1019
lineage_02006,2022-08-16 15:02:49+00:00,suppression,predicate,1027
lineage_02006,2023-01-09 23:13:37+00:00,suppression,value,1173
lineage_04083,2024-03-11 13:33:00+00:00,suppression,predicate,317
lineage_04083,2024-03-13 13:51:21+00:00,suppression,predicate,319
lineage_02562,2023-12-18 10:19:13+00:00,suppression,value,157
lineage_03320,2024-03-13 13:51:21+00:00,suppression,predicate,2
lineage_00628,2022-12-15 18:02:56+00:00,suppression,predicate,793
lineage_00628,2023-01-20 10:39:08+00:00,suppression,value,829
lineage_00628,2023-11-17 14:25:24+00:00,suppression,predicate,1130
lineage_00628,2024-03-13 13:51:21+00:00,suppression,predicate,1247
lineage_03976,2025-11-26 10:52:21+00:00,suppression,predicate,1268
lineage_02222,2022-02-16 16:00:27+00:00,suppression,value,131
lineage_02222,2023-04-20 07:48:47+00:00,suppression,value,559
lineage_02222,2023-12-21 20:04:18+00:00,suppression,value,804
lineage_02351,2024-01-29 10:50:59+00:00,suppression,predicate,913
lineage_01374,2022-06-20 11:39:47+00:00,suppression,predicate,301
lineage_01374,2023-12-21 09:11:49+00:00,suppression,value,850
lineage_02643,2020-05-23 14:56:23+00:00,suppression,value,212
lineage_02643,2021-12-03 16:53:20+00:00,suppression,value,771
lineage_02643,2021-12-09 19:46:35+00:00,suppression,value,777
lineage_02643,2022-01-18 19:55:00+00:00,suppression,value,817
lineage_02643,2022-01-18 22:20:55+00:00,suppression,value,817
lineage_02643,2022-01-18 23:55:04+00:00,suppression,value,817
lineage_02643,2022-01-19 14:49:00+00:00,suppression,predicate,818
lineage_02643,2022-02-16 16:16:50+00:00,suppression,predicate,846
lineage_02643,2022-04-21 08:48:59+00:00,suppression,predicate,909
lineage_02643,2022-10-10 15:33:14+00:00,suppression,value,1082
lineage_02643,2023-12-21 20:04:18+00:00,suppression,predicate,1519
lineage_02643,2024-10-08 20:17:21+00:00,suppression,predicate,1811
lineage_02643,2025-10-09 11:03:39+00:00,suppression,predicate,2176
lineage_02591,2020-01-10 23:11:27+00:00,suppression,predicate,78
lineage_03473,2022-02-21 17:43:18+00:00,suppression,predicate,153
lineage_03473,2023-04-12 05:46:36+00:00,suppression,value,567
lineage_03473,2023-12-21 20:04:18+00:00,suppression,value,821
lineage_03473,2025-10-23 03:13:09+00:00,suppression,value,1492
lineage_00069,2020-03-20 22:29:32+00:00,suppression,predicate,1094
lineage_01104,2021-08-18 11:56:14+00:00,suppression,value,44
lineage_01104,2023-10-28 10:43:58+00:00,suppression,value,845
lineage_01104,2025-01-30 20:15:39+00:00,suppression,value,1306
lineage_03227,2023-10-28 10:43:58+00:00,suppression,value,1110
lineage_03227,2025-10-23 03:13:09+00:00,suppression,predicate,1835
lineage_01447,2020-01-10 23:11:27+00:00,suppression,predicate,78
lineage_01447,2021-08-16 06:42:17+00:00,suppression,predicate,661
lineage_01447,2022-02-16 16:16:50+00:00,suppression,value,846
lineage_01447,2022-04-21 08:48:59+00:00,suppression,value,909
lineage_01447,2022-09-18 10:54:37+00:00,suppression,predicate,1059
lineage_01447,2022-09-21 11:51:19+00:00,suppression,value,1062
lineage_01447,2022-10-10 15:33:14+00:00,suppression,value,1082
lineage_01447,2022-10-13 10:36:25+00:00,suppression,value,1084
lineage_01447,2022-11-03 08:39:48+00:00,suppression,value,1105
lineage_01447,2022-12-13 10:25:23+00:00,suppression,predicate,1145
lineage_01447,2025-10-17 02:27:25+00:00,suppression,value,2184
lineage_01851,2022-03-14 22:23:06+00:00,suppression,predicate,872
lineage_00232,2022-02-11 15:52:45+00:00,suppression,predicate,116
lineage_02466,2025-10-09 11:03:39+00:00,suppression,predicate,1379
lineage_01571,2023-01-24 09:30:43+00:00,suppression,predicate,641
lineage_02481,2019-09-06 07:54:19+00:00,suppression,predicate,915
lineage_02481,2021-11-29 19:23:31+00:00,suppression,predicate,1730
lineage_02481,2021-12-01 23:14:57+00:00,suppression,value,1732
lineage_02481,2022-05-26 16:14:37+00:00,suppression,predicate,1908
lineage_02451,2022-03-17 13:26:12+00:00,suppression,predicate,60
lineage_04263,2022-09-26 21:52:48+00:00,suppression,predicate,261
lineage_00630,2021-11-26 13:42:21+00:00,suppression,predicate,37
lineage_00630,2022-02-11 15:52:45+00:00,suppression,predicate,114
lineage_00545,2022-11-03 08:39:48+00:00,suppression,predicate,294
lineage_00953,2022-02-11 15:52:45+00:00,suppression,predicate,116
lineage_01647,2025-10-09 11:03:39+00:00,suppression,predicate,1828
lineage_01831,2025-10-23 03:13:09+00:00,suppression,predicate,1018
lineage_00275,2023-01-03 20:52:10+00:00,suppression,predicate,440
lineage_00275,2023-01-03 23:43:40+00:00,suppression,predicate,440
lineage_00477,2023-01-02 23:32:02+00:00,suppression,predicate,6
lineage_00477,2023-02-21 15:38:05+00:00,suppression,value,55
lineage_00477,2023-03-24 09:59:01+00:00,suppression,predicate,86
lineage_00477,2024-08-11 09:54:46+00:00,suppression,predicate,592
lineage_00477,2024-08-13 00:59:39+00:00,suppression,predicate,594
lineage_01021,2022-09-27 08:30:34+00:00,suppression,predicate,1069
lineage_00333,2022-05-23 21:43:43+00:00,suppression,predicate,593
lineage_00333,2023-01-09 23:13:37+00:00,suppression,predicate,824
lineage_02560,2022-02-11 15:52:45+00:00,suppression,predicate,1804
lineage_02560,2022-02-16 15:31:11+00:00,suppression,predicate,1809
lineage_02560,2022-02-21 09:15:27+00:00,suppression,predicate,1813
lineage_02911,2022-09-09 11:51:53+00:00,suppression,predicate,1
lineage_02911,2023-12-04 00:14:15+00:00,suppression,value,452
lineage_03022,2021-05-16 14:03:33+00:00,suppression,predicate,565
lineage_03022,2021-11-16 16:30:23+00:00,suppression,value,749
lineage_03022,2021-11-20 10:33:43+00:00,suppression,value,753
lineage_03022,2021-11-20 11:00:18+00:00,suppression,value,753
lineage_03022,2021-11-24 15:58:53+00:00,suppression,value,757
lineage_03022,2021-11-26 19:46:52+00:00,suppression,predicate,759
lineage_03022,2021-11-27 10:52:48+00:00,suppression,predicate,760
lineage_03022,2021-11-28 13:57:54+00:00,suppression,value,761
lineage_03022,2021-11-29 14:38:43+00:00,suppression,predicate,762
lineage_03022,2021-12-03 18:02:24+00:00,suppression,value,766
lineage_03022,2021-12-04 13:28:51+00:00,suppression,value,767
lineage_03022,2021-12-05 10:21:40+00:00,suppression,value,768
lineage_03022,2021-12-06 12:45:59+00:00,suppression,predicate,769
lineage_03022,2021-12-07 14:06:49+00:00,suppression,value,770
lineage_03022,2021-12-17 23:17:58+00:00,suppression,predicate,780
lineage_03022,2021-12-18 05:19:35+00:00,suppression,predicate,781
lineage_03022,2021-12-20 11:04:40+00:00,suppression,predicate,783
lineage_03022,2021-12-22 18:00:32+00:00,suppression,value,785
lineage_03022,2022-02-03 20:53:26+00:00,suppression,predicate,828
lineage_03022,2022-02-08 08:34:53+00:00,suppression,value,833
lineage_03022,2022-02-10 15:12:17+00:00,suppression,predicate,835
lineage_03022,2022-02-16 15:31:11+00:00,suppression,value,841
lineage_03022,2022-03-04 15:53:30+00:00,suppression,predicate,857
lineage_03022,2022-11-03 08:39:48+00:00,suppression,predicate,1101
lineage_01162,2022-06-20 14:17:54+00:00,suppression,predicate,1174
lineage_01162,2022-09-29 11:51:09+00:00,suppression,predicate,1274
lineage_01162,2023-12-04 00:14:15+00:00,suppression,predicate,1705
lineage_01375,2022-02-24 09:35:31+00:00,suppression,predicate,1010
lineage_02275,2021-05-16 12:10:33+00:00,suppression,value,555
lineage_02275,2021-11-16 16:30:23+00:00,suppression,predicate,739
lineage_02275,2021-11-16 22:27:00+00:00,suppression,value,739
lineage_02275,2021-11-20 11:00:18+00:00,suppression,value,743
lineage_02275,2021-11-20 11:32:15+00:00,suppression,value,743
lineage_02275,2021-11-22 11:20:21+00:00,suppression,predicate,745
lineage_02275,2021-11-22 20:29:21+00:00,suppression,predicate,745
lineage_02275,2021-11-28 00:16:18+00:00,suppression,value,751
lineage_02275,2021-11-29 14:38:43+00:00,suppression,predicate,752
lineage_02275,2021-11-29 15:13:24+00:00,suppression,predicate,752
lineage_02275,2021-11-30 18:20:37+00:00,suppression,predicate,753
lineage_02275,2021-12-02 13:57:06+00:00,suppression,predicate,755
lineage_02275,2021-12-03 16:31:59+00:00,suppression,predicate,756
lineage_02275,2021-12-05 10:21:40+00:00,suppression,predicate,758
lineage_02275,2021-12-10 18:19:55+00:00,suppression,predicate,763
lineage_02275,2022-01-12 07:10:07+00:00,suppression,predicate,796
lineage_02275,2022-02-27 18:01:39+00:00,suppression,value,842
lineage_02275,2022-03-18 16:06:53+00:00,suppression,predicate,861
lineage_02275,2022-05-16 14:04:13+00:00,suppression,value,920
lineage_02275,2022-06-20 10:01:25+00:00,suppression,value,955
lineage_02275,2022-06-22 19:15:21+00:00,suppression,predicate,957
lineage_02275,2022-06-27 06:47:27+00:00,suppression,predicate,962
lineage_02275,2022-07-06 13:38:31+00:00,suppression,predicate,971
lineage_02275,2022-09-13 09:30:27+00:00,suppression,predicate,1040
lineage_02275,2022-09-29 11:41:20+00:00,suppression,predicate,1056
lineage_02275,2022-10-20 15:25:23+00:00,suppression,predicate,1077
lineage_02275,2022-11-01 00:05:42+00:00,suppression,predicate,1089
lineage_02275,2022-11-13 19:26:03+00:00,suppression,predicate,1101
lineage_02275,2022-12-05 16:39:42+00:00,suppression,value,1123
lineage_02275,2023-01-19 15:49:12+00:00,suppression,predicate,1168
lineage_02275,2023-01-23 11:05:28+00:00,suppression,value,1172
lineage_02275,2023-03-22 19:31:33+00:00,suppression,value,1230
lineage_04652,2021-11-22 12:43:20+00:00,suppression,predicate,0
lineage_04652,2021-11-22 13:01:30+00:00,suppression,predicate,0
lineage_04652,2021-11-22 20:30:19+00:00,suppression,predicate,0
lineage_04652,2021-11-28 00:16:18+00:00,suppression,value,5
lineage_04652,2021-11-29 15:13:24+00:00,suppression,predicate,7
lineage_04652,2021-11-30 18:14:49+00:00,suppression,value,8
lineage_04652,2021-11-30 18:20:37+00:00,suppression,predicate,8
lineage_04652,2021-11-30 19:12:07+00:00,suppression,value,8
lineage_04652,2021-12-03 16:31:59+00:00,suppression,value,11
lineage_04652,2022-01-08 14:12:17+00:00,suppression,value,47
lineage_04652,2022-01-13 08:17:42+00:00,suppression,value,51
lineage_04652,2022-01-21 12:14:35+00:00,suppression,value,60
lineage_04652,2022-02-01 14:57:44+00:00,suppression,predicate,71
lineage_04652,2022-02-11 13:20:42+00:00,suppression,predicate,81
lineage_04652,2022-02-11 23:40:10+00:00,suppression,predicate,81
lineage_04652,2022-02-18 12:04:25+00:00,suppression,predicate,88
lineage_04652,2022-02-21 17:43:18+00:00,suppression,value,91
lineage_04652,2022-02-27 09:58:14+00:00,suppression,predicate,96
lineage_04652,2022-02-27 18:01:39+00:00,suppression,value,97
lineage_04652,2022-03-13 18:22:08+00:00,suppression,value,111
lineage_04652,2022-05-10 15:13:04+00:00,suppression,predicate,169
lineage_04652,2022-06-03 13:20:07+00:00,suppression,value,193
lineage_04652,2022-06-20 14:17:54+00:00,suppression,predicate,210
lineage_04652,2023-03-22 19:31:33+00:00,suppression,predicate,485
lineage_04652,2023-05-18 10:30:29+00:00,suppression,predicate,541
lineage_00894,2021-11-30 18:20:37+00:00,suppression,predicate,3
lineage_00894,2021-12-05 10:21:40+00:00,suppression,predicate,7
lineage_00894,2022-02-18 12:04:25+00:00,suppression,value,82
lineage_00894,2022-02-21 17:43:18+00:00,suppression,predicate,86
lineage_00894,2022-02-27 09:58:14+00:00,suppression,value,91
lineage_00894,2022-02-27 18:01:39+00:00,suppression,value,92
lineage_00894,2022-05-02 14:25:33+00:00,suppression,value,156
lineage_00894,2022-07-01 09:11:08+00:00,suppression,predicate,215
lineage_00894,2022-07-06 13:38:31+00:00,suppression,value,221
lineage_00894,2022-07-07 16:20:10+00:00,suppression,predicate,222
lineage_00894,2022-07-11 13:11:53+00:00,suppression,value,226
lineage_00894,2022-08-31 07:05:12+00:00,suppression,predicate,276
lineage_00894,2022-09-21 09:53:39+00:00,suppression,value,297
lineage_00894,2022-09-30 18:01:07+00:00,suppression,predicate,307
lineage_00894,2022-10-20 09:08:41+00:00,suppression,predicate,326
lineage_00894,2022-10-25 10:20:13+00:00,suppression,value,331
lineage_00894,2022-10-26 08:10:02+00:00,suppression,value,332
lineage_00894,2022-11-01 00:05:42+00:00,suppression,predicate,338
lineage_00894,2023-03-14 22:58:04+00:00,suppression,predicate,472
lineage_00894,2023-04-03 10:06:14+00:00,suppression,predicate,491
lineage_00894,2023-04-25 09:07:41+00:00,suppression,predicate,513
lineage_00894,2023-05-05 10:24:54+00:00,suppression,predicate,523
lineage_00894,2023-12-18 10:20:56+00:00,suppression,value,750
lineage_00741,2022-07-07 16:20:10+00:00,suppression,predicate,115
lineage_00741,2022-07-21 16:31:36+00:00,suppression,value,129
lineage_00741,2022-09-18 10:54:37+00:00,suppression,predicate,188
lineage_00741,2022-09-21 09:53:39+00:00,suppression,value,191
lineage_00741,2022-10-07 20:31:13+00:00,suppression,predicate,207
lineage_00741,2022-10-25 14:21:14+00:00,suppression,value,225
lineage_00741,2022-11-13 19:26:03+00:00,suppression,predicate,244
lineage_03437,2022-05-09 23:55:37+00:00,suppression,predicate,285
lineage_03437,2022-05-15 17:23:53+00:00,suppression,predicate,291
lineage_03437,2022-05-15 17:33:31+00:00,suppression,predicate,291
lineage_03437,2022-05-15 17:41:22+00:00,suppression,predicate,291
lineage_03437,2022-06-17 16:33:47+00:00,suppression,predicate,324
lineage_03437,2022-06-20 11:04:49+00:00,suppression,predicate,326
lineage_03437,2022-08-09 08:55:05+00:00,suppression,predicate,376
lineage_03437,2022-09-18 07:41:51+00:00,suppression,predicate,416
lineage_03437,2022-09-20 09:20:33+00:00,suppression,predicate,418
lineage_03437,2022-09-21 09:53:39+00:00,suppression,predicate,419
lineage_03437,2022-10-05 10:22:42+00:00,suppression,predicate,433
lineage_03437,2022-12-28 12:28:45+00:00,suppression,predicate,517
lineage_03437,2022-12-28 19:39:26+00:00,suppression,value,518
lineage_03437,2022-12-29 16:14:21+00:00,suppression,predicate,519
lineage_03437,2023-03-22 19:31:33+00:00,suppression,predicate,602
lineage_03437,2023-03-23 11:11:29+00:00,suppression,predicate,602
lineage_03437,2023-10-12 10:47:45+00:00,suppression,predicate,805
lineage_03437,2023-12-21 20:04:18+00:00,suppression,predicate,876
lineage_03163,2023-01-09 23:33:38+00:00,suppression,predicate,2
lineage_03163,2023-01-11 19:05:55+00:00,suppression,predicate,4
lineage_03163,2023-01-18 17:41:07+00:00,suppression,predicate,11
lineage_03163,2023-01-20 10:39:08+00:00,suppression,predicate,13
lineage_03163,2023-01-25 11:54:29+00:00,suppression,predicate,18
lineage_03930,2022-09-21 09:53:39+00:00,suppression,predicate,193
lineage_03930,2022-10-20 09:51:06+00:00,suppression,predicate,222
lineage_03930,2022-11-01 00:05:42+00:00,suppression,predicate,234
lineage_03930,2022-12-20 12:23:32+00:00,suppression,predicate,283
lineage_02997,2022-11-01 00:05:42+00:00,suppression,predicate,1033
lineage_04469,2023-06-19 07:24:18+00:00,suppression,predicate,0
lineage_04543,2025-08-08 09:16:07+00:00,suppression,predicate,797
lineage_04120,2020-11-09 09:32:56+00:00,suppression,predicate,19
lineage_04120,2021-09-14 17:27:28+00:00,suppression,predicate,328
lineage_04120,2023-10-28 10:40:22+00:00,suppression,value,1102
lineage_00424,2023-01-13 08:47:40+00:00,suppression,predicate,815
lineage_00191,2026-02-13 17:32:29+00:00,suppression,predicate,1954
lineage_02528,2023-02-17 17:46:28+00:00,suppression,value,851
lineage_02206,2024-08-29 18:30:47+00:00,suppression,predicate,1417
lineage_04264,2025-06-04 15:44:31+00:00,suppression,value,608
lineage_03283,2024-08-07 14:01:47+00:00,suppression,predicate,737
lineage_03679,2024-08-07 14:01:47+00:00,suppression,predicate,592
lineage_01347,2022-12-30 09:30:15+00:00,suppression,predicate,564
lineage_01347,2023-11-14 08:46:39+00:00,suppression,predicate,883
lineage_00523,2022-02-09 20:11:45+00:00,suppression,predicate,861
lineage_00523,2022-03-02 09:36:07+00:00,suppression,predicate,881
lineage_00523,2022-07-06 13:38:31+00:00,suppression,predicate,1008
lineage_03539,2020-02-07 14:08:40+00:00,suppression,predicate,35
lineage_00875,2023-11-29 09:34:37+00:00,suppression,predicate,222
lineage_00800,2023-05-31 15:10:24+00:00,suppression,predicate,1917
lineage_01928,2021-03-05 10:55:49+00:00,suppression,predicate,0
lineage_03507,2022-06-29 14:25:50+00:00,suppression,predicate,0
lineage_03142,2022-07-06 13:38:31+00:00,suppression,predicate,223
lineage_03142,2022-10-11 14:25:03+00:00,suppression,value,320
lineage_03142,2022-10-27 07:46:05+00:00,suppression,predicate,336
lineage_04310,2023-08-16 19:52:52+00:00,suppression,predicate,1
lineage_00985,2022-12-13 22:49:58+00:00,suppression,predicate,168
lineage_02882,2025-10-09 11:03:39+00:00,suppression,predicate,1374
lineage_00657,2022-08-04 18:36:07+00:00,suppression,value,1272
lineage_00394,2020-07-02 21:06:51+00:00,suppression,predicate,532
lineage_02824,2022-09-21 11:12:21+00:00,suppression,predicate,154
lineage_01855,2022-08-23 18:44:11+00:00,suppression,value,0
lineage_01855,2022-08-28 17:33:49+00:00,suppression,predicate,5
lineage_01855,2022-08-31 19:38:25+00:00,suppression,value,8
lineage_01855,2022-11-18 12:45:01+00:00,suppression,value,86
lineage_00072,2022-03-17 17:27:11+00:00,suppression,predicate,644
lineage_03689,2023-01-11 00:03:52+00:00,suppression,predicate,352
lineage_00168,2021-12-17 23:17:58+00:00,suppression,predicate,418
lineage_00168,2022-09-29 10:15:10+00:00,suppression,predicate,704
lineage_00168,2022-10-07 11:26:33+00:00,suppression,predicate,712
lineage_00168,2022-11-08 11:32:44+00:00,suppression,predicate,744
lineage_02442,2022-10-11 09:29:08+00:00,suppression,predicate,11
lineage_02442,2022-10-20 09:08:41+00:00,suppression,value,20
lineage_02442,2022-10-28 09:39:53+00:00,suppression,value,29
lineage_02442,2022-10-31 10:31:30+00:00,suppression,value,32
lineage_02442,2022-11-22 15:26:55+00:00,suppression,value,54
lineage_02442,2022-11-24 15:21:28+00:00,suppression,value,56
lineage_02442,2022-11-29 15:41:57+00:00,suppression,value,61
lineage_02442,2022-12-03 08:35:34+00:00,suppression,value,64
lineage_02442,2023-04-03 10:06:14+00:00,suppression,predicate,186
lineage_02442,2025-04-07 09:05:53+00:00,suppression,value,920
lineage_02923,2019-08-27 10:23:42+00:00,suppression,value,0
lineage_02923,2022-03-31 10:04:37+00:00,suppression,predicate,947
lineage_02923,2023-10-12 10:47:45+00:00,suppression,value,1507
lineage_00864,2019-12-17 10:05:43+00:00,suppression,predicate,114
lineage_00864,2019-12-17 12:45:40+00:00,suppression,value,115
lineage_00864,2020-11-28 12:01:03+00:00,suppression,predicate,462
lineage_00864,2021-02-01 10:47:23+00:00,suppression,predicate,526
lineage_00864,2021-07-01 06:33:30+00:00,suppression,predicate,676
lineage_00864,2021-11-26 13:42:21+00:00,suppression,value,825
lineage_00864,2023-08-02 11:16:10+00:00,suppression,predicate,1438
lineage_00864,2024-04-09 10:34:37+00:00,suppression,value,1689
lineage_00560,2023-11-06 16:07:33+00:00,suppression,predicate,1710
lineage_01327,2022-09-20 09:20:33+00:00,suppression,predicate,808
lineage_01327,2023-02-21 21:15:30+00:00,suppression,predicate,963
lineage_03672,2022-08-20 07:22:05+00:00,suppression,predicate,0
lineage_00407,2025-10-09 11:03:39+00:00,suppression,predicate,1816
lineage_04584,2023-10-04 17:06:57+00:00,suppression,predicate,257
lineage_01445,2017-03-19 18:46:19+00:00,suppression,predicate,0
lineage_01445,2022-09-28 14:45:22+00:00,suppression,value,2018
lineage_01445,2022-10-28 13:06:36+00:00,suppression,value,2048
lineage_01445,2023-02-13 23:51:20+00:00,suppression,predicate,2157
lineage_02003,2022-09-21 09:53:39+00:00,suppression,predicate,418
lineage_02502,2020-07-15 09:49:20+00:00,suppression,predicate,0
lineage_02502,2020-07-15 10:05:50+00:00,suppression,value,0
lineage_02502,2022-07-12 14:41:10+00:00,suppression,value,727
lineage_02075,2021-09-09 06:12:36+00:00,suppression,predicate,0
lineage_02075,2021-09-10 16:13:36+00:00,suppression,value,2
lineage_03067,2022-04-19 15:35:40+00:00,suppression,predicate,2
lineage_03067,2022-11-18 12:45:01+00:00,suppression,value,215
lineage_03067,2024-08-29 17:21:47+00:00,suppression,predicate,865
lineage_00397,2022-11-10 14:01:09+00:00,suppression,predicate,0
lineage_00397,2022-12-04 13:36:22+00:00,suppression,value,23
lineage_00397,2022-12-16 15:52:12+00:00,suppression,predicate,36
lineage_00397,2022-12-29 21:18:26+00:00,suppression,value,49
lineage_00397,2023-02-01 10:14:59+00:00,suppression,value,82
lineage_00397,2023-10-18 14:40:32+00:00,suppression,value,342
lineage_00397,2025-07-08 08:29:01+00:00,suppression,predicate,970
lineage_01351,2021-08-24 13:03:23+00:00,suppression,predicate,0
lineage_01798,2022-04-21 08:48:59+00:00,suppression,predicate,56
lineage_00045,2023-07-06 18:19:03+00:00,suppression,predicate,0
lineage_00045,2023-07-14 06:15:02+00:00,suppression,predicate,7
lineage_00045,2025-10-09 11:03:39+00:00,suppression,predicate,825
lineage_01339,2023-03-14 22:58:04+00:00,suppression,predicate,28
lineage_01339,2024-06-25 09:26:45+00:00,suppression,predicate,497
lineage_00182,2020-10-31 08:46:30+00:00,suppression,predicate,21
lineage_00182,2023-01-06 12:28:57+00:00,suppression,value,818
lineage_04586,2023-11-10 16:32:28+00:00,suppression,value,96
lineage_02475,2022-09-18 14:21:05+00:00,suppression,predicate,99
lineage_02475,2022-10-28 13:06:36+00:00,suppression,predicate,139
lineage_01849,2019-04-15 06:12:12+00:00,suppression,predicate,67
lineage_01849,2019-04-15 06:47:53+00:00,suppression,value,67
lineage_01849,2022-08-13 07:59:31+00:00,suppression,predicate,1283
lineage_03113,2022-10-07 11:26:33+00:00,suppression,predicate,101
lineage_02367,2022-09-20 09:20:33+00:00,suppression,predicate,419
lineage_01238,2022-03-07 16:11:00+00:00,suppression,predicate,89
lineage_03179,2020-03-03 10:25:02+00:00,suppression,predicate,127
lineage_03563,2022-02-07 17:10:57+00:00,suppression,predicate,826
lineage_03563,2022-10-07 11:26:33+00:00,suppression,predicate,1068
lineage_00393,2022-03-04 13:07:29+00:00,suppression,predicate,223
lineage_01900,2021-07-15 10:09:28+00:00,suppression,predicate,562
lineage_01513,2022-03-06 12:38:47+00:00,suppression,predicate,265
lineage_03119,2023-01-22 22:45:22+00:00,suppression,predicate,1821
lineage_03055,2023-01-21 07:55:04+00:00,suppression,predicate,1
lineage_03055,2023-01-21 10:26:13+00:00,suppression,value,1
lineage_00372,2022-01-12 15:35:24+00:00,suppression,predicate,25
lineage_03509,2024-07-17 09:04:05+00:00,suppression,value,694
lineage_02335,2023-06-14 09:33:58+00:00,suppression,predicate,407
lineage_03916,2022-09-07 10:02:09+00:00,suppression,predicate,421
lineage_03916,2022-12-05 11:18:14+00:00,suppression,predicate,510
lineage_01419,2022-11-01 00:05:42+00:00,suppression,predicate,743
lineage_01419,2022-11-12 08:39:25+00:00,suppression,predicate,754
lineage_01419,2023-01-09 08:46:16+00:00,suppression,value,812
lineage_00216,2022-09-26 22:17:53+00:00,suppression,predicate,1092
lineage_02559,2021-11-17 14:59:05+00:00,suppression,predicate,327
lineage_00892,2019-03-02 07:13:29+00:00,suppression,value,627
lineage_00892,2021-04-01 12:37:14+00:00,suppression,value,1389
lineage_00233,2023-04-03 10:06:14+00:00,suppression,predicate,265
lineage_02151,2022-08-04 11:12:53+00:00,suppression,value,3
lineage_02151,2022-08-10 11:54:19+00:00,suppression,value,9
lineage_02151,2023-08-07 14:09:21+00:00,suppression,value,371
lineage_04610,2022-06-30 14:40:05+00:00,suppression,predicate,75
lineage_04610,2022-07-07 16:20:10+00:00,suppression,predicate,82
lineage_02802,2022-02-15 15:40:04+00:00,suppression,predicate,30
lineage_03514,2022-10-28 16:03:47+00:00,suppression,predicate,285
lineage_03514,2023-01-16 09:28:15+00:00,suppression,predicate,364
lineage_03514,2024-12-01 22:29:17+00:00,suppression,value,1050
lineage_02438,2025-10-09 11:03:39+00:00,suppression,predicate,1076
lineage_02692,2019-11-14 09:15:18+00:00,suppression,predicate,0
lineage_00261,2020-10-13 07:23:08+00:00,suppression,predicate,2
lineage_03622,2022-03-08 07:41:53+00:00,suppression,predicate,451
lineage_00623,2022-09-20 09:20:33+00:00,suppression,predicate,255
lineage_00623,2022-09-21 09:53:39+00:00,suppression,predicate,256
lineage_03477,2023-04-18 20:50:18+00:00,suppression,predicate,0
lineage_01217,2023-03-02 23:21:25+00:00,suppression,predicate,1506
lineage_00399,2022-09-02 15:44:53+00:00,suppression,predicate,0
lineage_03593,2022-02-10 15:12:17+00:00,suppression,predicate,1046
lineage_03593,2023-01-25 15:54:11+00:00,suppression,predicate,1395
lineage_04323,2022-08-14 18:22:25+00:00,suppression,predicate,0
lineage_04323,2025-10-09 11:03:39+00:00,suppression,predicate,1151
lineage_04198,2023-05-31 11:46:13+00:00,suppression,predicate,7
lineage_02683,2023-02-09 13:20:22+00:00,suppression,predicate,104
lineage_02683,2023-02-09 13:27:12+00:00,suppression,predicate,104
lineage_03906,2021-07-01 06:33:30+00:00,suppression,predicate,813
lineage_03835,2022-02-22 08:17:33+00:00,suppression,predicate,1132
lineage_03835,2022-02-23 10:19:17+00:00,suppression,predicate,1133
lineage_01193,2020-10-07 16:52:08+00:00,suppression,predicate,0
lineage_01148,2018-09-03 10:02:42+00:00,suppression,predicate,0
lineage_02180,2022-09-26 21:52:48+00:00,suppression,predicate,125
lineage_02462,2022-02-21 21:15:47+00:00,suppression,predicate,498
lineage_03756,2021-12-06 22:02:54+00:00,suppression,predicate,417
lineage_02249,2022-02-10 15:12:17+00:00,suppression,predicate,39
lineage_02249,2022-09-26 21:52:48+00:00,suppression,predicate,267
lineage_03032,2023-11-06 13:21:23+00:00,suppression,predicate,174
lineage_02167,2019-11-10 15:43:41+00:00,suppression,predicate,17
lineage_02167,2021-05-10 10:42:59+00:00,suppression,value,563
lineage_02167,2022-11-08 11:10:20+00:00,suppression,predicate,1110
lineage_02167,2023-05-15 13:53:39+00:00,suppression,value,1299
lineage_02167,2023-10-04 17:06:57+00:00,suppression,predicate,1441
lineage_02167,2026-03-01 02:47:59+00:00,suppression,predicate,2319
lineage_03255,2022-09-10 09:53:42+00:00,suppression,predicate,312
lineage_03255,2025-10-09 11:03:39+00:00,suppression,predicate,1437
lineage_03074,2023-03-14 22:58:04+00:00,suppression,predicate,741
lineage_02051,2022-07-14 19:41:52+00:00,suppression,predicate,79
lineage_02051,2024-07-17 09:04:05+00:00,suppression,predicate,812
lineage_04472,2024-08-11 09:54:46+00:00,suppression,predicate,592
lineage_02511,2021-11-29 21:51:19+00:00,suppression,predicate,1047
lineage_02511,2022-11-18 16:35:48+00:00,suppression,predicate,1401
lineage_00593,2022-07-01 15:59:48+00:00,suppression,predicate,0
lineage_00518,2020-10-06 16:51:55+00:00,suppression,predicate,0
lineage_02515,2023-08-08 19:53:37+00:00,suppression,predicate,6
lineage_04690,2023-01-02 14:02:28+00:00,suppression,predicate,0
lineage_04690,2023-01-11 00:03:52+00:00,suppression,predicate,8
lineage_04690,2023-02-17 21:52:09+00:00,suppression,predicate,46
lineage_04690,2025-02-22 22:57:41+00:00,suppression,predicate,782
lineage_04690,2025-10-09 11:03:39+00:00,suppression,predicate,1010
lineage_00645,2025-11-23 14:51:08+00:00,suppression,predicate,1345
lineage_02107,2023-02-13 23:51:20+00:00,suppression,predicate,171
lineage_02392,2022-07-07 14:24:15+00:00,suppression,value,629
lineage_02392,2024-03-15 20:40:15+00:00,suppression,predicate,1247
lineage_01930,2022-07-07 14:24:15+00:00,suppression,value,629
lineage_01930,2024-03-15 20:40:15+00:00,suppression,predicate,1247
lineage_03093,2025-05-26 08:33:24+00:00,suppression,predicate,1069
lineage_00683,2023-05-26 13:59:30+00:00,suppression,value,1047
lineage_02143,2023-05-26 14:10:46+00:00,suppression,predicate,386
lineage_04639,2022-06-20 10:52:23+00:00,suppression,predicate,1250
lineage_04639,2022-07-06 13:38:31+00:00,suppression,value,1266
lineage_04639,2022-07-20 18:47:26+00:00,suppression,predicate,1280
lineage_04639,2022-09-18 14:21:05+00:00,suppression,predicate,1340
lineage_03707,2021-07-17 09:20:05+00:00,suppression,value,0
lineage_03707,2021-07-20 19:14:48+00:00,suppression,value,3
lineage_03707,2021-10-19 11:37:28+00:00,suppression,predicate,94
lineage_02590,2023-02-08 09:37:24+00:00,suppression,predicate,0
lineage_00756,2023-10-04 17:06:57+00:00,suppression,value,121
lineage_00569,2019-11-13 21:23:16+00:00,suppression,value,151
lineage_00569,2020-04-20 15:12:25+00:00,suppression,value,310
lineage_00569,2021-12-01 04:07:06+00:00,suppression,value,899
lineage_00569,2022-07-14 16:35:50+00:00,suppression,value,1125
lineage_00569,2022-10-17 16:58:29+00:00,suppression,value,1220
lineage_00569,2025-07-16 11:34:33+00:00,suppression,value,2223
lineage_00415,2022-07-14 16:35:50+00:00,suppression,value,902
lineage_00415,2023-01-24 15:51:37+00:00,suppression,value,1096
lineage_00415,2023-03-01 11:27:59+00:00,suppression,value,1131
lineage_00415,2023-08-24 10:50:57+00:00,suppression,value,1307
lineage_00415,2024-12-03 21:14:54+00:00,suppression,value,1775
lineage_00415,2026-02-16 11:50:13+00:00,suppression,value,2214
lineage_02189,2023-11-15 13:27:18+00:00,suppression,value,329
lineage_02189,2023-11-15 13:59:42+00:00,suppression,value,329
lineage_02189,2023-11-15 14:35:43+00:00,suppression,value,329
lineage_02189,2025-12-09 02:30:03+00:00,suppression,value,1084
lineage_01348,2019-09-06 15:33:56+00:00,suppression,value,15
lineage_01348,2021-07-03 13:18:01+00:00,suppression,value,681
lineage_01230,2019-09-26 08:50:43+00:00,suppression,value,128
lineage_04059,2022-09-11 11:13:58+00:00,suppression,predicate,1
lineage_02930,2021-04-29 16:23:14+00:00,suppression,predicate,555
lineage_02930,2022-10-31 16:38:04+00:00,suppression,predicate,1105
lineage_02930,2022-10-31 23:16:17+00:00,suppression,value,1105
lineage_02930,2022-11-14 16:08:08+00:00,suppression,value,1119
lineage_02930,2022-12-04 13:36:22+00:00,suppression,value,1139
lineage_04698,2022-05-22 19:23:25+00:00,suppression,predicate,0
lineage_04698,2022-12-16 16:09:34+00:00,suppression,value,208
lineage_04698,2022-12-22 07:41:39+00:00,suppression,value,214
lineage_02785,2022-05-25 21:30:58+00:00,suppression,predicate,28
lineage_01652,2022-07-20 10:53:24+00:00,suppression,predicate,1815
lineage_01652,2022-08-31 11:55:43+00:00,suppression,predicate,1857
lineage_01652,2022-11-22 15:21:25+00:00,suppression,predicate,1941
lineage_03332,2022-01-27 16:31:37+00:00,suppression,predicate,13
lineage_03332,2022-02-25 16:34:32+00:00,suppression,predicate,42
lineage_03332,2022-03-20 19:45:33+00:00,suppression,value,65
lineage_03332,2022-03-20 19:48:51+00:00,suppression,predicate,65
lineage_03332,2022-06-30 14:40:05+00:00,suppression,predicate,167
lineage_03332,2022-07-27 12:37:58+00:00,suppression,predicate,194
lineage_03332,2022-12-03 08:35:34+00:00,suppression,predicate,323
lineage_03332,2023-01-25 15:23:10+00:00,suppression,predicate,376
lineage_03332,2023-03-14 22:58:04+00:00,suppression,predicate,425
lineage_03332,2023-10-08 22:07:56+00:00,suppression,value,633
lineage_03332,2024-01-29 10:59:52+00:00,suppression,predicate,745
lineage_03332,2024-02-12 11:29:36+00:00,suppression,predicate,759
lineage_03332,2024-04-05 06:47:18+00:00,suppression,predicate,812
lineage_02036,2022-12-13 14:50:43+00:00,suppression,predicate,785
lineage_02036,2022-12-13 16:12:55+00:00,suppression,value,785
lineage_04163,2025-09-22 09:46:48+00:00,suppression,predicate,943
lineage_03201,2025-10-09 11:03:39+00:00,suppression,predicate,1168
lineage_01216,2024-02-12 13:45:36+00:00,suppression,predicate,797
lineage_04611,2025-10-23 03:13:09+00:00,suppression,predicate,967
lineage_04360,2022-07-28 00:41:53+00:00,suppression,predicate,131
lineage_01192,2021-08-26 12:45:24+00:00,suppression,value,952
lineage_01192,2025-11-10 12:52:54+00:00,suppression,predicate,2489
lineage_02261,2022-02-24 07:41:53+00:00,suppression,predicate,0
lineage_03903,2022-02-22 12:34:48+00:00,suppression,predicate,1
lineage_03903,2022-09-18 14:21:05+00:00,suppression,value,209
lineage_03903,2023-03-14 22:58:04+00:00,suppression,predicate,386
lineage_03903,2024-10-28 11:25:02+00:00,suppression,predicate,980
lineage_04438,2023-07-20 11:47:30+00:00,suppression,predicate,491
lineage_02805,2022-09-09 13:02:31+00:00,suppression,predicate,9
lineage_02733,2023-04-21 09:38:13+00:00,suppression,predicate,0
lineage_02733,2024-12-01 22:29:17+00:00,suppression,value,591
lineage_01364,2023-03-14 23:06:29+00:00,suppression,predicate,229
lineage_01364,2025-02-17 11:04:28+00:00,suppression,predicate,934
lineage_01091,2022-02-09 16:47:22+00:00,suppression,predicate,98
lineage_03133,2021-04-01 12:37:20+00:00,suppression,predicate,805
lineage_03133,2023-12-21 20:04:18+00:00,suppression,value,1799
lineage_02915,2023-10-08 22:07:56+00:00,suppression,predicate,68
lineage_02915,2023-10-17 15:01:34+00:00,suppression,predicate,76
lineage_02915,2023-11-15 13:27:18+00:00,suppression,predicate,105
lineage_02915,2023-11-15 13:59:42+00:00,suppression,predicate,105
lineage_02915,2023-11-15 14:35:43+00:00,suppression,predicate,105
lineage_02915,2024-01-10 19:14:20+00:00,suppression,predicate,161
lineage_03900,2024-08-29 17:21:47+00:00,suppression,predicate,820
lineage_00750,2021-11-30 09:36:12+00:00,suppression,predicate,768
lineage_00750,2022-12-22 07:49:14+00:00,suppression,value,1155
lineage_03602,2024-07-17 09:04:05+00:00,suppression,predicate,583
lineage_02623,2024-08-29 12:43:32+00:00,suppression,predicate,740
lineage_02871,2023-06-11 22:23:04+00:00,suppression,predicate,2
lineage_03638,2023-03-22 19:31:33+00:00,suppression,predicate,286
lineage_02529,2021-10-24 07:08:20+00:00,suppression,predicate,1
lineage_02547,2020-10-10 10:19:02+00:00,suppression,predicate,2
lineage_02547,2020-10-26 14:45:13+00:00,suppression,predicate,18
lineage_00503,2021-12-09 15:16:52+00:00,suppression,predicate,418
lineage_00503,2021-12-16 08:50:28+00:00,suppression,predicate,425
lineage_00503,2022-02-18 11:53:17+00:00,suppression,predicate,489
lineage_00503,2022-08-26 15:29:49+00:00,suppression,predicate,678
lineage_00503,2023-04-03 10:06:14+00:00,suppression,predicate,898
lineage_02926,2023-09-07 09:42:15+00:00,suppression,predicate,238
lineage_02926,2025-10-09 11:03:39+00:00,suppression,predicate,1001
lineage_00298,2021-09-01 12:48:32+00:00,suppression,predicate,312
lineage_00298,2023-01-25 15:23:10+00:00,suppression,predicate,823
lineage_00298,2023-11-15 13:59:17+00:00,suppression,predicate,1117
lineage_00298,2023-11-15 14:34:51+00:00,suppression,predicate,1117
lineage_00298,2023-12-21 20:04:18+00:00,suppression,predicate,1153
lineage_00337,2022-04-08 14:32:46+00:00,suppression,predicate,3
lineage_03926,2025-10-09 11:03:39+00:00,suppression,predicate,499
lineage_00382,2022-02-02 11:25:55+00:00,suppression,predicate,98
lineage_00382,2022-02-22 10:16:31+00:00,suppression,predicate,118
lineage_00382,2022-09-21 00:20:19+00:00,suppression,value,329
lineage_01761,2023-09-07 09:42:15+00:00,suppression,value,1422
lineage_00215,2025-10-09 11:03:39+00:00,suppression,predicate,1924
lineage_01998,2022-09-05 21:01:42+00:00,suppression,predicate,314
lineage_04225,2022-11-13 19:26:03+00:00,suppression,predicate,20
lineage_01872,2022-12-07 10:52:38+00:00,suppression,predicate,0
lineage_01872,2022-12-28 16:44:25+00:00,suppression,predicate,22
lineage_01872,2022-12-28 17:42:12+00:00,suppression,predicate,22
lineage_01872,2023-01-02 23:16:32+00:00,suppression,predicate,27
lineage_01872,2023-01-03 22:04:52+00:00,suppression,predicate,28
lineage_01872,2023-01-03 23:46:54+00:00,suppression,predicate,28
lineage_01872,2023-01-04 09:28:50+00:00,suppression,predicate,28
lineage_01872,2023-01-04 17:42:16+00:00,suppression,predicate,29
lineage_01872,2023-01-10 14:11:40+00:00,suppression,predicate,35
lineage_01872,2023-01-11 19:05:55+00:00,suppression,predicate,36
lineage_01872,2023-01-18 19:16:34+00:00,suppression,predicate,43
lineage_01872,2023-01-24 09:30:43+00:00,suppression,predicate,48
lineage_01872,2023-03-14 22:58:04+00:00,suppression,predicate,98
lineage_01872,2023-03-21 15:32:46+00:00,suppression,predicate,105
lineage_01872,2023-04-20 07:48:47+00:00,suppression,predicate,134
lineage_01872,2023-07-05 08:37:17+00:00,suppression,predicate,210
lineage_01872,2023-09-08 09:31:22+00:00,suppression,predicate,275
lineage_01872,2023-09-12 08:56:39+00:00,suppression,predicate,279
lineage_01872,2023-10-12 10:47:45+00:00,suppression,predicate,309
lineage_04571,2025-04-07 09:05:53+00:00,suppression,value,472
lineage_02585,2023-01-06 16:16:20+00:00,suppression,predicate,1218
lineage_00771,2022-09-02 07:28:28+00:00,suppression,predicate,0
lineage_00771,2022-12-15 17:00:07+00:00,suppression,predicate,104
lineage_00771,2024-07-17 09:04:05+00:00,suppression,predicate,684
lineage_02518,2022-05-26 18:25:43+00:00,suppression,predicate,1225
lineage_02518,2023-01-10 14:11:40+00:00,suppression,predicate,1454
lineage_03328,2022-02-09 20:24:59+00:00,suppression,predicate,840
lineage_03328,2022-02-09 22:17:32+00:00,suppression,predicate,840
lineage_03328,2022-02-10 00:00:03+00:00,suppression,predicate,840
lineage_03328,2022-05-12 19:48:05+00:00,suppression,predicate,932
lineage_03328,2022-09-03 07:48:36+00:00,suppression,value,1045
lineage_03328,2022-09-13 11:13:16+00:00,suppression,predicate,1055
lineage_03328,2023-11-06 13:21:23+00:00,suppression,value,1474
lineage_00139,2021-12-22 13:51:06+00:00,suppression,predicate,13
lineage_00139,2021-12-27 10:48:51+00:00,suppression,predicate,17
lineage_00139,2022-01-25 10:43:35+00:00,suppression,predicate,46
lineage_00139,2022-03-09 15:22:33+00:00,suppression,value,90
lineage_00139,2022-09-20 09:20:33+00:00,suppression,value,284
lineage_00139,2022-12-14 10:08:30+00:00,suppression,value,369
lineage_02931,2022-09-06 14:57:55+00:00,suppression,predicate,0
lineage_02931,2023-01-09 23:44:52+00:00,suppression,predicate,125
lineage_02931,2025-04-07 09:05:53+00:00,suppression,predicate,944
lineage_01792,2020-02-24 10:23:23+00:00,suppression,predicate,111
lineage_02860,2022-01-30 20:48:57+00:00,suppression,predicate,5
lineage_02860,2023-04-12 12:48:36+00:00,suppression,predicate,441
lineage_01621,2022-10-01 22:19:28+00:00,suppression,value,0
lineage_01621,2022-10-10 08:27:15+00:00,suppression,predicate,8
lineage_01480,2021-12-13 10:44:29+00:00,suppression,predicate,3
lineage_01480,2021-12-17 08:20:21+00:00,suppression,predicate,7
lineage_01480,2021-12-17 11:32:48+00:00,suppression,predicate,7
lineage_01480,2021-12-18 14:40:12+00:00,suppression,predicate,9
lineage_01480,2021-12-21 12:47:39+00:00,suppression,predicate,11
lineage_01480,2021-12-24 08:13:25+00:00,suppression,predicate,14
lineage_01480,2022-01-13 17:20:24+00:00,suppression,predicate,35
lineage_01480,2022-02-02 10:03:19+00:00,suppression,predicate,54
lineage_01480,2022-02-02 10:12:39+00:00,suppression,predicate,54
lineage_01480,2022-02-09 16:47:22+00:00,suppression,predicate,62
lineage_01480,2022-02-11 19:21:35+00:00,suppression,predicate,64
lineage_01480,2022-02-16 15:31:11+00:00,suppression,predicate,69
lineage_01480,2022-04-29 13:07:58+00:00,suppression,predicate,140
lineage_01480,2022-06-20 14:17:54+00:00,suppression,predicate,193
lineage_01480,2022-09-20 09:20:33+00:00,suppression,value,284
lineage_01480,2022-10-07 11:26:33+00:00,suppression,predicate,301
lineage_01480,2022-10-14 10:42:49+00:00,suppression,predicate,308
lineage_01480,2022-12-14 10:06:40+00:00,suppression,value,369
lineage_01480,2023-01-25 15:23:10+00:00,suppression,predicate,412
lineage_01480,2023-04-11 11:04:22+00:00,suppression,predicate,487
lineage_01480,2023-06-18 20:14:57+00:00,suppression,predicate,556
lineage_01480,2023-10-12 10:47:45+00:00,suppression,predicate,671
lineage_03697,2022-08-10 14:15:49+00:00,suppression,predicate,3
lineage_03697,2022-08-12 10:47:15+00:00,suppression,value,5
lineage_03697,2022-09-12 11:29:51+00:00,suppression,value,36
lineage_03697,2022-09-20 09:20:33+00:00,suppression,value,44
lineage_03697,2022-10-11 14:25:03+00:00,suppression,predicate,65
lineage_03697,2022-10-19 13:44:00+00:00,suppression,predicate,73
lineage_03697,2022-10-27 07:46:05+00:00,suppression,value,81
lineage_03697,2025-07-08 08:29:01+00:00,suppression,value,1066
lineage_03697,2025-10-09 11:03:39+00:00,suppression,predicate,1159
lineage_03697,2025-11-10 12:52:54+00:00,suppression,predicate,1191
lineage_02014,2022-08-10 14:15:49+00:00,suppression,predicate,3
lineage_02014,2022-08-12 10:47:15+00:00,suppression,value,5
lineage_02014,2022-08-22 10:14:08+00:00,suppression,predicate,15
lineage_02014,2022-09-18 14:21:05+00:00,suppression,predicate,42
lineage_02014,2025-10-20 03:23:28+00:00,suppression,predicate,1169
lineage_02646,2022-08-10 14:15:49+00:00,suppression,predicate,5
lineage_02646,2022-08-12 10:47:15+00:00,suppression,value,7
lineage_02646,2022-09-21 11:51:19+00:00,suppression,predicate,47
lineage_00558,2022-08-10 14:25:10+00:00,suppression,predicate,3
lineage_00558,2022-08-12 10:47:15+00:00,suppression,value,5
lineage_00558,2022-09-18 14:21:05+00:00,suppression,predicate,42
lineage_00558,2022-12-12 12:40:55+00:00,suppression,predicate,127
lineage_00558,2023-07-05 08:37:17+00:00,suppression,predicate,332
lineage_00558,2023-07-20 12:01:35+00:00,suppression,predicate,347
lineage_03096,2022-03-23 15:31:45+00:00,suppression,value,1
lineage_03096,2022-07-08 17:28:43+00:00,suppression,value,108
lineage_02610,2019-05-09 21:48:36+00:00,suppression,value,0
lineage_02610,2019-05-09 21:48:36+00:00,suppression,predicate,0
lineage_02610,2019-11-08 22:56:14+00:00,suppression,value,183
lineage_02610,2020-11-28 11:10:37+00:00,suppression,predicate,568
lineage_02610,2021-07-01 06:33:30+00:00,suppression,predicate,783
lineage_02610,2021-11-24 15:58:53+00:00,suppression,value,929
lineage_02610,2022-02-14 17:08:51+00:00,suppression,predicate,1011
lineage_02610,2025-04-07 09:05:53+00:00,suppression,value,2159
lineage_01399,2022-02-19 09:25:26+00:00,suppression,predicate,7
lineage_01399,2022-06-04 10:44:51+00:00,suppression,predicate,112
lineage_01399,2022-06-04 10:52:30+00:00,suppression,predicate,112
lineage_01399,2022-07-27 06:09:11+00:00,suppression,predicate,165
lineage_03238,2021-08-10 15:10:46+00:00,suppression,value,27
lineage_03238,2021-11-11 15:12:49+00:00,suppression,value,120
lineage_03238,2022-10-05 19:40:37+00:00,suppression,value,448
lineage_00887,2019-03-01 23:14:20+00:00,suppression,predicate,44
lineage_00887,2022-03-02 17:19:57+00:00,suppression,predicate,1140
lineage_00887,2022-03-02 17:35:41+00:00,suppression,value,1140
lineage_00887,2023-05-23 10:24:01+00:00,suppression,predicate,1587
lineage_00681,2021-12-07 09:38:10+00:00,suppression,predicate,978
lineage_00681,2022-01-12 21:28:21+00:00,suppression,predicate,1015
lineage_00681,2022-07-20 11:02:49+00:00,suppression,predicate,1203
lineage_00681,2022-08-23 12:26:27+00:00,suppression,predicate,1237
lineage_00681,2022-09-20 09:20:33+00:00,suppression,predicate,1265
lineage_00681,2022-10-25 09:18:38+00:00,suppression,predicate,1300
lineage_00681,2022-10-25 11:41:49+00:00,suppression,predicate,1300
lineage_00454,2025-10-09 11:03:39+00:00,suppression,predicate,1142
lineage_03105,2019-04-21 15:42:47+00:00,suppression,value,94
lineage_03105,2019-05-09 22:20:56+00:00,suppression,value,112
lineage_03105,2019-12-29 16:02:49+00:00,suppression,value,346
lineage_03105,2020-01-17 14:46:28+00:00,suppression,value,365
lineage_03105,2020-03-24 18:48:24+00:00,suppression,value,432
lineage_03105,2020-11-28 16:32:44+00:00,suppression,predicate,681
lineage_03105,2021-07-01 06:33:30+00:00,suppression,predicate,896
lineage_03105,2022-09-20 09:20:33+00:00,suppression,value,1342
lineage_03105,2023-01-11 00:03:52+00:00,suppression,predicate,1455
lineage_03105,2023-10-18 14:40:32+00:00,suppression,value,1735
lineage_03105,2024-07-17 09:04:05+00:00,suppression,value,2008
lineage_03105,2025-10-09 11:03:39+00:00,suppression,predicate,2457
lineage_03105,2025-10-16 05:15:11+00:00,suppression,predicate,2464
lineage_03674,2022-07-07 16:20:10+00:00,suppression,predicate,212
lineage_03674,2022-09-26 22:17:53+00:00,suppression,predicate,293
lineage_03674,2023-01-19 17:47:11+00:00,suppression,predicate,408
lineage_03674,2023-12-14 18:50:25+00:00,suppression,value,737
lineage_03674,2024-11-13 22:21:16+00:00,suppression,predicate,1072
lineage_04081,2020-10-16 09:49:27+00:00,suppression,predicate,1
lineage_01920,2019-11-09 22:36:29+00:00,suppression,predicate,139
lineage_01920,2022-06-29 11:22:35+00:00,suppression,predicate,1101
lineage_01920,2025-10-17 02:12:13+00:00,suppression,predicate,2307
lineage_01264,2022-06-27 06:47:27+00:00,suppression,value,1131
lineage_01264,2023-01-25 15:23:10+00:00,suppression,value,1344
lineage_02676,2019-01-16 22:36:31+00:00,suppression,value,78
lineage_02676,2019-04-15 12:54:35+00:00,suppression,value,167
lineage_02676,2019-04-16 13:00:06+00:00,suppression,value,168
lineage_02676,2019-07-02 08:51:48+00:00,suppression,predicate,245
lineage_02676,2019-12-10 16:31:12+00:00,suppression,value,406
lineage_02676,2021-11-26 16:12:33+00:00,suppression,value,1123
lineage_02676,2021-12-03 16:31:59+00:00,suppression,value,1130
lineage_02676,2022-02-09 16:47:22+00:00,suppression,predicate,1198
lineage_03739,2025-09-22 09:46:48+00:00,suppression,predicate,936
lineage_04251,2021-06-03 10:40:55+00:00,suppression,value,0
lineage_00762,2023-02-28 14:22:25+00:00,suppression,value,647
lineage_02165,2022-08-10 15:28:02+00:00,suppression,predicate,1020
lineage_02165,2023-02-13 23:51:20+00:00,suppression,predicate,1207
lineage_02269,2023-11-06 13:21:23+00:00,suppression,predicate,680
lineage_03790,2019-09-27 15:06:21+00:00,suppression,value,253
lineage_02155,2021-11-27 10:33:14+00:00,suppression,predicate,760
lineage_02155,2022-05-12 22:27:48+00:00,suppression,predicate,927
lineage_02155,2022-05-13 10:52:31+00:00,suppression,predicate,927
lineage_01067,2020-07-01 08:58:39+00:00,suppression,predicate,535
lineage_01067,2022-02-02 10:03:19+00:00,suppression,value,1116
lineage_01067,2022-02-02 19:39:47+00:00,suppression,predicate,1117
lineage_01067,2022-02-09 16:47:22+00:00,suppression,predicate,1124
lineage_01067,2022-02-21 17:43:18+00:00,suppression,value,1136
lineage_01067,2022-05-31 21:53:13+00:00,suppression,predicate,1235
lineage_01067,2023-06-05 16:57:52+00:00,suppression,predicate,1605
lineage_01067,2023-06-09 10:09:35+00:00,suppression,predicate,1608
lineage_01067,2023-11-15 13:27:18+00:00,suppression,value,1768
lineage_01067,2023-11-15 13:59:42+00:00,suppression,value,1768
lineage_01067,2023-11-15 14:35:43+00:00,suppression,value,1768
lineage_02356,2025-10-09 11:03:39+00:00,suppression,predicate,1825
lineage_03932,2023-07-13 08:01:05+00:00,suppression,predicate,643
lineage_03932,2023-07-25 08:17:54+00:00,suppression,predicate,655
lineage_03620,2024-05-13 09:15:30+00:00,suppression,predicate,868
lineage_03252,2022-07-25 21:33:39+00:00,suppression,predicate,1285
lineage_03252,2022-08-18 04:51:38+00:00,suppression,predicate,1309
lineage_03252,2023-11-10 11:00:08+00:00,suppression,predicate,1758
lineage_02414,2023-02-06 11:48:45+00:00,suppression,value,114
lineage_02414,2024-06-25 09:26:45+00:00,suppression,predicate,619
lineage_02414,2024-08-29 12:43:32+00:00,suppression,predicate,684
lineage_00660,2021-08-26 11:33:25+00:00,suppression,predicate,14
lineage_00660,2022-07-14 16:35:50+00:00,suppression,value,336
lineage_00660,2023-02-28 14:22:25+00:00,suppression,predicate,565
lineage_00660,2025-04-07 09:05:53+00:00,suppression,value,1333
lineage_04641,2022-09-20 09:20:33+00:00,suppression,predicate,56
lineage_00796,2021-11-22 14:23:28+00:00,suppression,value,4
lineage_00796,2023-09-07 09:42:15+00:00,suppression,predicate,658
lineage_00885,2022-02-21 10:09:20+00:00,suppression,predicate,4
lineage_00885,2022-11-09 15:45:00+00:00,suppression,value,265
lineage_03495,2022-03-18 09:18:40+00:00,suppression,predicate,888
lineage_03495,2023-02-08 16:58:35+00:00,suppression,predicate,1216
lineage_01516,2025-11-10 12:52:54+00:00,suppression,predicate,999
lineage_01777,2024-01-15 14:25:04+00:00,suppression,predicate,25
lineage_00349,2021-11-29 22:57:26+00:00,suppression,predicate,756
lineage_00349,2021-11-29 23:02:48+00:00,suppression,value,756
lineage_04067,2020-02-24 14:25:20+00:00,suppression,predicate,123
lineage_04067,2020-11-05 15:44:33+00:00,suppression,predicate,378
lineage_04067,2021-02-24 12:27:18+00:00,suppression,predicate,488
lineage_04067,2021-04-01 12:36:57+00:00,suppression,predicate,524
lineage_04067,2021-08-26 12:42:47+00:00,suppression,value,671
lineage_04067,2023-04-03 10:06:14+00:00,suppression,predicate,1256
lineage_00054,2021-02-24 12:32:30+00:00,suppression,predicate,692
lineage_02655,2023-04-03 10:06:14+00:00,suppression,predicate,580
lineage_02655,2023-11-10 16:32:28+00:00,suppression,predicate,801
lineage_03504,2019-03-01 23:14:20+00:00,suppression,predicate,44
lineage_00307,2022-10-20 09:19:54+00:00,suppression,predicate,745
lineage_02094,2021-05-10 10:42:59+00:00,suppression,value,209
lineage_02094,2023-11-15 13:27:18+00:00,suppression,predicate,1128
lineage_02094,2023-11-15 13:59:42+00:00,suppression,predicate,1128
lineage_02094,2023-11-15 14:35:43+00:00,suppression,predicate,1128
lineage_00094,2021-11-16 11:09:03+00:00,suppression,predicate,311
lineage_00094,2021-11-18 12:34:55+00:00,suppression,value,313
lineage_02405,2024-08-29 12:43:32+00:00,suppression,predicate,274
lineage_02195,2024-08-29 12:43:32+00:00,suppression,value,1074
lineage_03127,2022-02-01 08:19:36+00:00,suppression,predicate,6
lineage_03127,2022-02-02 05:34:32+00:00,suppression,predicate,7
lineage_03127,2023-01-03 05:01:11+00:00,suppression,value,342
lineage_03127,2023-10-04 17:06:57+00:00,suppression,predicate,616
lineage_01626,2020-11-28 18:07:07+00:00,suppression,predicate,661
lineage_02843,2022-12-22 13:50:30+00:00,suppression,predicate,0
lineage_01538,2017-11-07 13:02:56+00:00,suppression,predicate,57
lineage_03080,2022-05-09 20:38:25+00:00,suppression,value,1158
lineage_03080,2022-08-16 14:14:08+00:00,suppression,value,1256
lineage_01427,2018-09-04 09:33:05+00:00,suppression,predicate,358
lineage_01427,2022-08-08 12:03:34+00:00,suppression,predicate,1792
lineage_01274,2023-08-22 09:00:55+00:00,suppression,predicate,17
lineage_01274,2023-08-22 11:17:40+00:00,suppression,predicate,17
lineage_01274,2024-03-13 13:51:21+00:00,suppression,predicate,221
lineage_02910,2021-11-09 15:15:31+00:00,suppression,value,736
lineage_02910,2021-11-16 22:27:00+00:00,suppression,predicate,743
lineage_02910,2021-11-20 11:32:15+00:00,suppression,value,747
lineage_02910,2021-12-04 13:28:51+00:00,suppression,predicate,761
lineage_02910,2021-12-06 15:35:32+00:00,suppression,value,763
lineage_02910,2021-12-07 14:06:49+00:00,suppression,value,764
lineage_02910,2021-12-13 19:19:15+00:00,suppression,predicate,770
lineage_02910,2021-12-18 05:19:35+00:00,suppression,value,775
lineage_02910,2021-12-22 12:54:39+00:00,suppression,value,779
lineage_02910,2022-01-02 08:50:37+00:00,suppression,predicate,790
lineage_02910,2022-02-04 08:53:33+00:00,suppression,value,823
lineage_02910,2022-02-06 22:33:52+00:00,suppression,value,825
lineage_02910,2022-02-07 12:14:51+00:00,suppression,predicate,826
lineage_02910,2022-02-07 19:51:19+00:00,suppression,value,826
lineage_02910,2022-02-08 08:34:53+00:00,suppression,predicate,827
lineage_02910,2022-02-10 15:12:17+00:00,suppression,predicate,829
lineage_02910,2022-02-13 10:24:28+00:00,suppression,value,832
lineage_02910,2022-02-15 15:40:04+00:00,suppression,value,834
lineage_02910,2022-02-21 17:43:18+00:00,suppression,value,840
lineage_02910,2022-03-15 17:05:42+00:00,suppression,predicate,862
lineage_02910,2022-11-08 11:05:38+00:00,suppression,predicate,1100
lineage_02910,2023-01-18 17:41:07+00:00,suppression,predicate,1171
lineage_02910,2023-01-18 19:16:34+00:00,suppression,predicate,1171
lineage_02910,2023-10-04 17:06:57+00:00,suppression,predicate,1430
lineage_02910,2025-09-22 09:46:48+00:00,suppression,value,2149
lineage_02910,2025-12-09 02:44:51+00:00,suppression,predicate,2227
lineage_00033,2021-10-28 11:32:15+00:00,suppression,predicate,987
lineage_00033,2021-11-15 11:30:51+00:00,suppression,value,1005
lineage_00900,2022-07-21 21:23:11+00:00,suppression,predicate,0
lineage_04262,2025-10-09 11:03:39+00:00,suppression,predicate,72
lineage_01567,2025-10-09 11:03:39+00:00,suppression,predicate,1585
lineage_00293,2022-03-03 14:20:53+00:00,suppression,predicate,506
lineage_00293,2022-03-04 15:53:30+00:00,suppression,predicate,507
lineage_00293,2022-03-05 10:09:27+00:00,suppression,predicate,508
lineage_00293,2022-09-21 09:53:39+00:00,suppression,predicate,708
lineage_00293,2022-09-21 11:51:19+00:00,suppression,predicate,708
lineage_00293,2022-10-20 09:51:06+00:00,suppression,predicate,737
lineage_00293,2023-01-19 17:47:11+00:00,suppression,predicate,828
lineage_00293,2025-07-14 10:04:39+00:00,suppression,predicate,1735
lineage_00293,2025-10-09 11:03:39+00:00,suppression,predicate,1822
lineage_01643,2021-11-11 17:34:20+00:00,suppression,predicate,731
lineage_01643,2021-11-20 11:32:15+00:00,suppression,predicate,740
lineage_01643,2021-12-06 15:09:50+00:00,suppression,predicate,756
lineage_01398,2021-06-02 11:04:05+00:00,suppression,predicate,215
lineage_02092,2020-10-11 15:02:39+00:00,suppression,value,0
lineage_01111,2021-11-11 17:34:20+00:00,suppression,predicate,744
lineage_03855,2022-02-10 15:12:17+00:00,suppression,predicate,451
lineage_03855,2022-04-06 14:09:53+00:00,suppression,predicate,506
lineage_03855,2024-03-26 12:28:49+00:00,suppression,value,1226
lineage_01791,2022-09-21 11:51:19+00:00,suppression,predicate,708
lineage_01791,2023-01-19 17:47:11+00:00,suppression,predicate,828
lineage_01013,2022-04-21 08:48:59+00:00,suppression,predicate,917
lineage_01586,2022-04-29 13:07:58+00:00,suppression,predicate,25
lineage_01586,2025-10-09 11:03:39+00:00,suppression,predicate,1284
lineage_01586,2025-10-23 03:13:09+00:00,suppression,predicate,1297
lineage_01306,2022-02-09 16:47:22+00:00,suppression,predicate,41
lineage_01306,2022-09-18 14:24:07+00:00,suppression,predicate,262
lineage_02418,2022-02-16 15:31:13+00:00,suppression,value,73
lineage_02418,2022-06-04 10:44:51+00:00,suppression,predicate,181
lineage_02418,2023-01-18 17:41:07+00:00,suppression,predicate,409
lineage_00883,2022-02-16 15:31:12+00:00,suppression,predicate,73
lineage_00883,2022-03-04 15:53:30+00:00,suppression,predicate,89
lineage_00883,2022-03-05 10:09:27+00:00,suppression,predicate,90
lineage_00883,2022-04-06 14:09:53+00:00,suppression,predicate,122
lineage_00883,2025-06-16 11:42:00+00:00,suppression,value,1289
lineage_00883,2025-11-13 04:10:26+00:00,suppression,predicate,1438
lineage_00385,2022-02-16 15:31:12+00:00,suppression,predicate,73
lineage_00385,2022-07-27 06:38:49+00:00,suppression,predicate,233
lineage_00385,2022-09-21 11:51:19+00:00,suppression,predicate,290
lineage_00498,2021-12-07 18:05:52+00:00,suppression,predicate,2
lineage_00498,2021-12-18 05:19:35+00:00,suppression,predicate,12
lineage_00498,2021-12-19 09:35:39+00:00,suppression,predicate,14
lineage_00498,2022-01-19 17:34:07+00:00,suppression,value,45
lineage_00498,2022-03-03 18:45:03+00:00,suppression,predicate,88
lineage_00498,2022-03-04 15:53:30+00:00,suppression,predicate,89
lineage_00498,2022-04-06 14:09:53+00:00,suppression,predicate,122
lineage_00498,2022-06-27 06:47:27+00:00,suppression,value,203
lineage_00498,2022-07-06 13:38:31+00:00,suppression,value,213
lineage_00498,2022-07-06 13:38:32+00:00,suppression,value,213
lineage_00498,2022-08-23 10:57:36+00:00,suppression,predicate,261
lineage_00498,2022-08-23 12:26:45+00:00,suppression,predicate,261
lineage_00498,2022-09-21 11:51:19+00:00,suppression,predicate,290
lineage_00498,2022-10-18 14:39:04+00:00,suppression,predicate,317
lineage_00498,2025-06-16 11:42:00+00:00,suppression,value,1289
lineage_00498,2025-10-09 11:03:39+00:00,suppression,predicate,1404
lineage_00498,2025-10-17 02:12:13+00:00,suppression,predicate,1411
lineage_02194,2022-03-03 18:45:03+00:00,suppression,predicate,88
lineage_02194,2022-04-21 08:48:59+00:00,suppression,predicate,137
lineage_02194,2022-04-28 18:40:19+00:00,suppression,predicate,144
lineage_02194,2022-07-06 13:38:31+00:00,suppression,predicate,213
lineage_02194,2025-07-08 08:29:01+00:00,suppression,predicate,1310
lineage_02194,2025-10-09 11:03:39+00:00,suppression,predicate,1404
lineage_02194,2025-10-17 02:27:25+00:00,suppression,value,1411
lineage_02194,2025-11-13 04:10:26+00:00,suppression,predicate,1438
lineage_00539,2022-02-16 15:31:12+00:00,suppression,predicate,73
lineage_00577,2022-02-16 15:31:12+00:00,suppression,predicate,73
lineage_00577,2022-03-03 18:45:03+00:00,suppression,predicate,88
lineage_00577,2022-06-13 11:30:21+00:00,suppression,predicate,190
lineage_00577,2023-02-17 16:51:44+00:00,suppression,predicate,439
lineage_00577,2025-10-09 11:03:39+00:00,suppression,predicate,1404
lineage_00577,2025-10-17 02:12:13+00:00,suppression,value,1411
lineage_00199,2022-01-08 14:12:17+00:00,suppression,predicate,34
lineage_00199,2022-02-16 15:31:12+00:00,suppression,predicate,73
lineage_00855,2021-12-19 09:35:39+00:00,suppression,predicate,14
lineage_00855,2022-02-16 15:31:12+00:00,suppression,predicate,73
lineage_00855,2022-03-05 10:09:27+00:00,suppression,predicate,90
lineage_00855,2022-04-06 14:09:53+00:00,suppression,predicate,122
lineage_00855,2022-09-21 11:51:19+00:00,suppression,predicate,290
lineage_00855,2022-11-01 15:19:14+00:00,suppression,predicate,331
lineage_00855,2022-12-14 12:05:58+00:00,suppression,value,374
lineage_00855,2023-01-19 17:47:11+00:00,suppression,predicate,410
lineage_00855,2025-10-09 11:03:39+00:00,suppression,predicate,1404
lineage_00819,2022-02-16 15:31:13+00:00,suppression,value,73
lineage_00819,2025-11-13 04:10:26+00:00,suppression,predicate,1438
lineage_00929,2024-02-12 11:29:36+00:00,suppression,predicate,765
lineage_02895,2022-04-06 14:09:53+00:00,suppression,predicate,73
lineage_04215,2022-09-29 11:51:09+00:00,suppression,predicate,1
lineage_04215,2024-03-26 12:28:49+00:00,suppression,predicate,545
lineage_03582,2022-12-02 11:18:11+00:00,suppression,predicate,213
lineage_03582,2025-10-09 11:03:39+00:00,suppression,predicate,1255
lineage_03143,2022-05-04 09:33:12+00:00,suppression,predicate,1
lineage_01176,2022-06-29 17:33:50+00:00,suppression,predicate,293
lineage_00409,2025-10-09 11:03:39+00:00,suppression,predicate,658
lineage_00409,2025-10-17 02:27:25+00:00,suppression,predicate,665
lineage_04705,2022-09-18 14:21:05+00:00,suppression,predicate,47
lineage_04705,2025-10-09 11:03:39+00:00,suppression,predicate,1164
lineage_04590,2025-08-06 07:48:53+00:00,suppression,predicate,187
lineage_04433,2022-07-04 15:17:32+00:00,suppression,predicate,0
lineage_04433,2022-07-07 12:29:20+00:00,suppression,predicate,2
lineage_04433,2022-08-09 15:53:48+00:00,suppression,predicate,36
lineage_04433,2022-08-26 15:29:49+00:00,suppression,value,53
lineage_04433,2022-09-08 08:24:27+00:00,suppression,predicate,65
lineage_04433,2022-09-19 13:28:05+00:00,suppression,value,76
lineage_04433,2022-09-21 11:45:26+00:00,suppression,value,78
lineage_04433,2022-10-11 12:04:28+00:00,suppression,predicate,98
lineage_04433,2023-03-14 22:58:04+00:00,suppression,value,253
lineage_02492,2022-04-07 12:15:44+00:00,suppression,predicate,245
lineage_02492,2022-04-21 08:48:59+00:00,suppression,predicate,259
lineage_01903,2025-10-09 11:03:39+00:00,suppression,predicate,875
lineage_03198,2022-12-08 06:33:02+00:00,suppression,predicate,0
lineage_00492,2025-10-09 11:03:39+00:00,suppression,predicate,680
lineage_03337,2022-08-24 00:17:53+00:00,suppression,predicate,0
lineage_03337,2022-09-18 14:21:05+00:00,suppression,predicate,25
lineage_03621,2023-09-29 12:33:55+00:00,suppression,predicate,78
lineage_04532,2022-07-22 06:15:42+00:00,suppression,predicate,0
lineage_04532,2022-12-19 16:41:40+00:00,suppression,value,150
lineage_04532,2025-11-25 15:00:53+00:00,suppression,predicate,1222
lineage_00418,2022-09-29 09:20:08+00:00,suppression,predicate,1071
lineage_00090,2023-05-15 13:53:39+00:00,suppression,value,227
lineage_01942,2023-03-05 14:10:18+00:00,suppression,predicate,15
lineage_01735,2022-02-13 10:29:52+00:00,suppression,predicate,15
lineage_01735,2022-02-20 10:31:08+00:00,suppression,predicate,22
lineage_01735,2022-03-24 23:05:49+00:00,suppression,predicate,55
lineage_01735,2022-03-29 17:46:45+00:00,suppression,value,60
lineage_01735,2023-01-06 15:35:34+00:00,suppression,predicate,343
lineage_01735,2025-07-08 08:29:01+00:00,suppression,predicate,1256
lineage_01551,2023-01-06 16:16:20+00:00,suppression,predicate,168
lineage_01662,2021-06-01 11:58:35+00:00,suppression,predicate,141
lineage_01662,2022-02-09 16:47:22+00:00,suppression,predicate,395
lineage_01662,2022-06-13 11:30:21+00:00,suppression,predicate,518
lineage_01662,2023-06-28 08:33:19+00:00,suppression,value,898
lineage_01662,2023-08-11 10:43:46+00:00,suppression,predicate,942
lineage_01662,2023-08-28 09:23:40+00:00,suppression,value,959
lineage_01662,2025-10-09 11:03:39+00:00,suppression,predicate,1732
lineage_00039,2022-03-05 10:09:27+00:00,suppression,predicate,268
lineage_02580,2020-11-28 16:49:18+00:00,suppression,predicate,228
lineage_02580,2021-05-01 18:54:26+00:00,suppression,predicate,382
lineage_02580,2021-11-30 09:16:35+00:00,suppression,predicate,594
lineage_02580,2021-12-03 22:47:37+00:00,suppression,value,598
lineage_02580,2021-12-16 18:54:22+00:00,suppression,predicate,611
lineage_02580,2021-12-19 09:35:39+00:00,suppression,predicate,613
lineage_02580,2022-01-08 14:12:17+00:00,suppression,predicate,634
lineage_02580,2022-01-19 17:34:07+00:00,suppression,predicate,645
lineage_02580,2022-02-10 15:12:17+00:00,suppression,value,667
lineage_02580,2022-02-25 12:55:37+00:00,suppression,predicate,682
lineage_02580,2022-03-05 10:09:27+00:00,suppression,value,689
lineage_02580,2022-04-06 14:09:53+00:00,suppression,predicate,722
lineage_02580,2022-07-07 15:47:43+00:00,suppression,predicate,814
lineage_02580,2022-08-10 15:28:03+00:00,suppression,predicate,848
lineage_02580,2022-09-01 15:53:06+00:00,suppression,predicate,870
lineage_02580,2022-09-21 11:51:19+00:00,suppression,predicate,890
lineage_00723,2025-11-10 12:52:54+00:00,suppression,predicate,1411
lineage_02446,2023-01-11 22:39:15+00:00,suppression,predicate,0
lineage_02446,2023-01-11 22:47:12+00:00,suppression,value,0
lineage_01856,2022-12-07 01:26:21+00:00,suppression,value,105
lineage_01856,2023-02-07 23:37:22+00:00,suppression,value,167
lineage_04376,2022-05-06 08:31:40+00:00,suppression,predicate,1
lineage_01064,2022-04-06 14:09:53+00:00,suppression,predicate,61
lineage_01064,2022-04-21 08:48:59+00:00,suppression,predicate,75
lineage_01064,2022-09-21 11:51:19+00:00,suppression,predicate,229
lineage_04329,2022-07-21 20:50:46+00:00,suppression,predicate,0
lineage_04329,2022-07-21 21:23:11+00:00,suppression,value,0
lineage_04329,2022-09-21 11:51:19+00:00,suppression,predicate,61
lineage_02578,2022-02-09 16:47:22+00:00,suppression,predicate,223
lineage_02578,2022-09-21 11:51:19+00:00,suppression,predicate,446
lineage_02578,2023-03-14 22:58:04+00:00,suppression,predicate,621
lineage_03578,2020-02-26 08:26:19+00:00,suppression,predicate,861
lineage_03578,2024-03-26 18:09:21+00:00,suppression,predicate,2352
lineage_03578,2024-07-16 09:31:31+00:00,suppression,predicate,2463
lineage_03578,2024-07-17 09:04:05+00:00,suppression,predicate,2464
lineage_03578,2025-10-09 11:03:39+00:00,suppression,predicate,2913
lineage_02603,2022-12-07 01:25:52+00:00,suppression,value,972
lineage_04229,2026-01-29 11:23:46+00:00,suppression,predicate,1215
lineage_02292,2021-12-04 13:28:51+00:00,suppression,predicate,172
lineage_02292,2021-12-06 15:35:32+00:00,suppression,value,174
lineage_02292,2021-12-18 05:22:16+00:00,suppression,predicate,185
lineage_02292,2022-01-05 09:08:55+00:00,suppression,value,203
lineage_02292,2022-02-10 15:12:17+00:00,suppression,value,240
lineage_02292,2022-03-03 14:20:53+00:00,suppression,value,261
lineage_02292,2022-04-06 14:09:53+00:00,suppression,value,295
lineage_02292,2022-04-06 15:07:00+00:00,suppression,value,295
lineage_02292,2022-04-21 08:48:59+00:00,suppression,value,309
lineage_02292,2022-05-23 14:45:27+00:00,suppression,predicate,342
lineage_02292,2022-07-27 12:18:29+00:00,suppression,predicate,407
lineage_02292,2022-07-29 11:17:15+00:00,suppression,value,408
lineage_02292,2022-08-11 07:53:25+00:00,suppression,predicate,421
lineage_02292,2022-08-24 08:09:48+00:00,suppression,predicate,434
lineage_02292,2022-09-16 14:40:40+00:00,suppression,value,458
lineage_02292,2022-10-14 13:43:32+00:00,suppression,predicate,486
lineage_02292,2022-10-20 15:25:23+00:00,suppression,predicate,492
lineage_02292,2022-10-21 15:29:34+00:00,suppression,predicate,493
lineage_02292,2025-07-08 08:29:01+00:00,suppression,predicate,1483
lineage_02292,2025-11-10 12:52:54+00:00,suppression,predicate,1609
lineage_04243,2025-11-23 14:51:08+00:00,suppression,predicate,1201
lineage_04408,2024-03-26 12:28:49+00:00,suppression,value,646
lineage_04574,2022-09-29 09:15:10+00:00,suppression,predicate,31
lineage_04574,2022-09-29 09:20:08+00:00,suppression,predicate,32
lineage_04574,2023-01-06 15:35:34+00:00,suppression,predicate,131
lineage_04574,2025-07-14 10:04:39+00:00,suppression,value,1051
lineage_00567,2021-03-05 10:55:49+00:00,suppression,predicate,0
lineage_00567,2022-02-09 16:47:22+00:00,suppression,predicate,341
lineage_00567,2022-03-04 15:53:30+00:00,suppression,value,364
lineage_04258,2022-12-05 16:39:42+00:00,suppression,predicate,126
lineage_04258,2024-07-17 09:04:05+00:00,suppression,predicate,715
lineage_04558,2019-10-23 10:18:57+00:00,suppression,value,0
lineage_01809,2018-08-08 14:42:26+00:00,suppression,predicate,0
lineage_01809,2018-08-08 15:05:51+00:00,suppression,predicate,0
lineage_01960,2021-12-02 20:38:58+00:00,suppression,predicate,181
lineage_04578,2022-08-02 08:42:03+00:00,suppression,predicate,328
lineage_01302,2019-11-04 01:26:34+00:00,suppression,predicate,990
lineage_01302,2021-11-17 09:27:02+00:00,suppression,predicate,1734
lineage_01302,2022-01-28 22:43:11+00:00,suppression,value,1807
lineage_04605,2017-04-13 07:25:34+00:00,suppression,predicate,39
lineage_00714,2020-11-10 15:01:47+00:00,suppression,predicate,24
lineage_03632,2019-02-05 14:57:54+00:00,suppression,predicate,302
lineage_03690,2017-08-02 20:49:15+00:00,suppression,predicate,139
lineage_03101,2018-07-03 11:05:44+00:00,suppression,value,306
lineage_04125,2018-03-19 15:36:15+00:00,suppression,predicate,3
lineage_01293,2021-08-19 06:27:15+00:00,suppression,predicate,0
lineage_03927,2022-02-21 09:15:27+00:00,suppression,predicate,72
lineage_00792,2022-12-22 13:50:30+00:00,suppression,predicate,0
lineage_01009,2022-06-15 10:48:15+00:00,suppression,predicate,303
lineage_01009,2022-06-27 14:46:18+00:00,suppression,predicate,316
lineage_00304,2022-06-15 10:48:15+00:00,suppression,predicate,0
lineage_00794,2022-06-15 10:48:15+00:00,suppression,predicate,303
lineage_00102,2021-12-01 13:10:56+00:00,suppression,predicate,1799
lineage_02484,2023-01-11 22:39:15+00:00,suppression,value,0
lineage_02484,2023-01-11 22:47:12+00:00,suppression,value,0
lineage_02484,2024-08-29 18:41:50+00:00,suppression,value,595
lineage_02484,2024-12-27 15:38:02+00:00,suppression,value,715
lineage_02484,2025-06-23 09:43:43+00:00,suppression,predicate,893
lineage_02484,2025-10-09 11:03:39+00:00,suppression,value,1001
lineage_02484,2025-10-17 02:12:13+00:00,suppression,value,1009
lineage_02484,2025-12-09 02:44:51+00:00,suppression,predicate,1062
lineage_01286,2021-11-20 10:33:43+00:00,suppression,predicate,1788
lineage_01286,2022-02-05 20:38:10+00:00,suppression,predicate,1866
lineage_01286,2022-02-11 10:58:30+00:00,suppression,predicate,1871
lineage_01286,2022-03-11 10:46:25+00:00,suppression,predicate,1899
lineage_01286,2023-07-05 08:37:17+00:00,suppression,predicate,2380
lineage_01286,2024-08-29 12:43:32+00:00,suppression,predicate,2801
lineage_00006,2022-06-12 15:30:17+00:00,suppression,predicate,101
lineage_01813,2022-06-21 12:38:06+00:00,suppression,value,11
lineage_04468,2024-12-27 15:38:02+00:00,suppression,value,913
lineage_04468,2026-03-01 02:47:59+00:00,suppression,value,1341
lineage_01305,2022-10-24 10:05:50+00:00,suppression,predicate,277
lineage_01305,2022-10-24 23:55:08+00:00,suppression,predicate,277
lineage_01305,2022-10-25 00:03:25+00:00,suppression,predicate,277
lineage_01305,2022-10-25 00:13:12+00:00,suppression,predicate,277
lineage_01305,2022-10-25 10:29:41+00:00,suppression,predicate,278
lineage_01305,2022-10-25 12:15:08+00:00,suppression,predicate,278
lineage_01305,2022-10-26 09:15:18+00:00,suppression,predicate,279
lineage_01305,2022-10-28 06:47:09+00:00,suppression,predicate,280
lineage_01305,2022-10-28 14:28:49+00:00,suppression,predicate,281
lineage_01305,2022-10-29 07:52:36+00:00,suppression,predicate,281
lineage_01305,2022-11-07 11:11:30+00:00,suppression,predicate,291
lineage_01305,2022-12-12 12:40:55+00:00,suppression,predicate,326
lineage_01305,2023-01-25 15:23:10+00:00,suppression,value,370
lineage_01305,2023-07-13 08:01:05+00:00,suppression,predicate,538
lineage_01305,2023-07-26 08:56:18+00:00,suppression,predicate,552
lineage_01305,2024-08-29 18:41:50+00:00,suppression,predicate,952
lineage_01305,2024-10-08 21:08:50+00:00,suppression,predicate,992
lineage_01305,2024-12-27 15:38:02+00:00,suppression,predicate,1072
lineage_01305,2026-03-01 02:47:59+00:00,suppression,predicate,1500
lineage_04297,2023-06-13 09:41:14+00:00,suppression,predicate,6
lineage_04297,2023-06-14 08:02:51+00:00,suppression,value,7
lineage_02135,2021-12-20 12:59:38+00:00,suppression,predicate,1211
lineage_02135,2022-02-07 14:43:04+00:00,suppression,predicate,1260
lineage_00452,2023-05-05 15:52:47+00:00,suppression,predicate,2
lineage_00242,2022-06-22 14:42:07+00:00,suppression,predicate,357
lineage_03503,2022-02-22 08:38:10+00:00,suppression,predicate,2
lineage_03503,2022-02-22 12:32:34+00:00,suppression,predicate,3
lineage_03503,2022-02-22 12:42:39+00:00,suppression,value,3
lineage_03503,2022-02-22 12:53:28+00:00,suppression,value,3
lineage_03503,2022-02-22 12:58:21+00:00,suppression,predicate,3
lineage_03503,2022-04-06 15:07:00+00:00,suppression,predicate,46
lineage_03503,2022-04-07 12:15:44+00:00,suppression,value,47
lineage_03503,2022-11-01 15:19:14+00:00,suppression,predicate,255
lineage_03503,2024-05-10 13:58:39+00:00,suppression,value,811
lineage_03503,2024-08-29 18:41:50+00:00,suppression,predicate,922
lineage_03503,2025-10-09 11:03:39+00:00,suppression,predicate,1328
lineage_02480,2023-02-27 16:25:27+00:00,suppression,predicate,1
lineage_02480,2023-02-27 16:36:44+00:00,suppression,value,1
lineage_02480,2023-05-30 10:21:29+00:00,suppression,predicate,92
lineage_01123,2022-02-22 12:42:39+00:00,suppression,predicate,3
lineage_01123,2024-01-23 11:15:04+00:00,suppression,predicate,703
lineage_00799,2023-01-17 18:07:30+00:00,suppression,predicate,0
lineage_04231,2022-02-22 12:32:34+00:00,suppression,predicate,3
lineage_04231,2022-02-22 12:53:28+00:00,suppression,predicate,3
lineage_04231,2022-10-18 14:39:04+00:00,suppression,predicate,241
lineage_04231,2023-06-13 22:23:28+00:00,suppression,predicate,479
lineage_04231,2024-08-29 18:41:50+00:00,suppression,value,922
lineage_01548,2022-10-11 17:24:32+00:00,suppression,predicate,41
lineage_01548,2022-10-12 15:04:31+00:00,suppression,value,42
lineage_02192,2025-05-31 11:14:46+00:00,suppression,value,597
lineage_00436,2022-05-05 16:45:01+00:00,suppression,predicate,1128
lineage_00436,2022-05-10 21:29:05+00:00,suppression,value,1133
lineage_00436,2022-08-16 14:40:05+00:00,suppression,value,1231
lineage_03695,2022-07-12 19:02:00+00:00,suppression,predicate,1196
lineage_00566,2020-03-02 15:43:20+00:00,suppression,value,112
lineage_03070,2022-10-24 15:52:05+00:00,suppression,predicate,10
lineage_00480,2019-06-07 10:29:45+00:00,suppression,predicate,785
lineage_00480,2024-02-26 21:01:53+00:00,suppression,value,2510
lineage_01059,2025-01-30 20:15:39+00:00,suppression,predicate,1885
lineage_00056,2019-10-08 15:44:00+00:00,suppression,predicate,492
lineage_00056,2020-09-11 15:06:51+00:00,suppression,value,831
lineage_00056,2020-10-15 18:19:18+00:00,suppression,predicate,865
lineage_04305,2023-07-13 08:01:05+00:00,suppression,predicate,2061
lineage_01763,2024-01-29 12:37:20+00:00,suppression,predicate,998
lineage_00670,2021-11-20 11:46:50+00:00,suppression,predicate,174
lineage_00670,2023-11-10 16:32:28+00:00,suppression,value,894
lineage_01416,2019-04-04 16:22:50+00:00,suppression,value,1
lineage_01416,2020-01-13 09:50:35+00:00,suppression,value,284
lineage_01416,2021-12-01 18:36:38+00:00,suppression,value,973
lineage_01416,2021-12-06 22:27:57+00:00,suppression,value,978
lineage_01416,2023-03-14 22:58:04+00:00,suppression,value,1441
lineage_01363,2021-03-18 08:04:03+00:00,suppression,predicate,493
lineage_01363,2022-09-28 17:31:22+00:00,suppression,predicate,1053
lineage_01363,2022-11-13 19:26:03+00:00,suppression,predicate,1099
lineage_01363,2023-12-21 20:04:18+00:00,suppression,value,1502
lineage_02071,2024-01-29 12:37:20+00:00,suppression,predicate,1553
lineage_01301,2021-09-07 12:37:03+00:00,suppression,predicate,4
lineage_00978,2017-04-03 23:57:58+00:00,suppression,predicate,26
lineage_02470,2022-06-29 15:07:04+00:00,suppression,predicate,1228
lineage_02470,2022-09-02 14:57:23+00:00,suppression,predicate,1293
lineage_00118,2022-05-16 14:48:01+00:00,suppression,predicate,479
lineage_00118,2023-01-20 10:39:08+00:00,suppression,value,728
lineage_00327,2021-04-26 18:28:16+00:00,suppression,predicate,550
lineage_02066,2021-04-26 18:25:16+00:00,suppression,predicate,550
lineage_02066,2022-06-30 16:22:42+00:00,suppression,predicate,980
lineage_03041,2025-10-17 02:27:25+00:00,suppression,predicate,1829
lineage_02389,2023-01-20 21:41:56+00:00,suppression,predicate,0
lineage_02389,2023-03-16 19:26:20+00:00,suppression,predicate,55
lineage_02389,2024-03-11 13:33:00+00:00,suppression,predicate,416
lineage_02467,2023-02-01 10:21:12+00:00,suppression,predicate,9
lineage_02467,2023-02-23 10:38:47+00:00,suppression,predicate,31
lineage_02467,2024-03-11 13:33:00+00:00,suppression,predicate,413
lineage_03040,2019-07-17 01:28:21+00:00,suppression,value,877
lineage_03054,2021-10-29 08:25:27+00:00,suppression,predicate,1752
lineage_00710,2024-03-11 13:33:00+00:00,suppression,predicate,1404
lineage_02982,2022-08-03 13:29:34+00:00,suppression,predicate,667
lineage_01340,2020-09-02 10:30:34+00:00,suppression,value,303
lineage_01340,2021-03-18 08:04:03+00:00,suppression,predicate,500
lineage_01340,2021-04-19 07:30:32+00:00,suppression,predicate,532
lineage_01340,2021-11-09 18:06:26+00:00,suppression,value,736
lineage_01340,2021-11-09 18:09:07+00:00,suppression,value,736
lineage_01340,2021-12-09 12:57:09+00:00,suppression,value,766
lineage_01340,2022-04-29 13:07:58+00:00,suppression,predicate,907
lineage_01340,2022-09-18 08:39:56+00:00,suppression,predicate,1049
lineage_01340,2022-09-27 08:47:19+00:00,suppression,value,1058
lineage_01340,2022-09-30 18:01:07+00:00,suppression,value,1061
lineage_01340,2022-11-13 19:26:03+00:00,suppression,predicate,1105
lineage_01340,2023-03-14 22:58:04+00:00,suppression,predicate,1226
lineage_01340,2023-03-15 11:00:20+00:00,suppression,predicate,1227
lineage_01340,2023-03-21 15:32:46+00:00,suppression,predicate,1233
lineage_01340,2023-07-31 08:17:20+00:00,suppression,predicate,1365
lineage_01340,2023-08-03 13:55:11+00:00,suppression,value,1368
lineage_01340,2023-10-08 22:07:56+00:00,suppression,predicate,1434
lineage_01340,2023-10-12 10:47:45+00:00,suppression,predicate,1438
lineage_01340,2023-12-21 20:04:18+00:00,suppression,predicate,1508
lineage_00330,2023-02-02 18:40:01+00:00,suppression,value,1192
lineage_00330,2024-03-18 11:00:59+00:00,suppression,predicate,1602
lineage_04266,2024-08-29 17:21:47+00:00,suppression,predicate,855
lineage_00594,2022-12-09 11:55:41+00:00,suppression,predicate,3
lineage_00594,2023-01-13 16:21:21+00:00,suppression,predicate,38
lineage_00594,2023-02-07 12:55:14+00:00,suppression,predicate,63
lineage_01033,2022-04-06 15:07:00+00:00,suppression,value,1152
lineage_01033,2025-12-09 02:44:51+00:00,suppression,value,2494
lineage_00212,2020-07-08 13:53:04+00:00,suppression,value,90
lineage_00212,2022-12-07 01:25:52+00:00,suppression,predicate,972
lineage_00212,2022-12-12 21:30:08+00:00,suppression,value,978
lineage_00212,2023-01-18 17:41:07+00:00,suppression,value,1015
lineage_00212,2023-01-18 19:16:34+00:00,suppression,value,1015
lineage_00212,2023-01-20 10:39:08+00:00,suppression,predicate,1016
lineage_00212,2025-10-09 11:03:39+00:00,suppression,predicate,2009
lineage_00212,2026-04-01 11:36:52+00:00,suppression,value,2183
lineage_03405,2024-03-13 13:51:21+00:00,suppression,predicate,337
lineage_03405,2025-04-07 09:10:52+00:00,suppression,predicate,726
lineage_03405,2025-04-10 13:07:45+00:00,suppression,predicate,730
lineage_03405,2025-10-18 02:08:56+00:00,suppression,predicate,920
lineage_00890,2019-08-05 14:21:56+00:00,suppression,value,200
lineage_00890,2019-08-05 16:53:33+00:00,suppression,value,200
lineage_04550,2020-01-07 11:13:47+00:00,suppression,predicate,15
lineage_02309,2023-01-18 23:38:55+00:00,suppression,predicate,246
lineage_02309,2023-05-17 15:21:59+00:00,suppression,value,364
lineage_03164,2022-05-02 14:44:15+00:00,suppression,predicate,44
lineage_03164,2022-11-10 16:15:22+00:00,suppression,value,237
lineage_02156,2022-10-12 15:04:31+00:00,suppression,predicate,207
lineage_02156,2024-01-29 12:37:20+00:00,suppression,value,681
lineage_01500,2023-01-13 12:03:30+00:00,suppression,predicate,0
lineage_01793,2022-02-10 15:12:17+00:00,suppression,predicate,1633
lineage_04184,2021-08-23 18:03:38+00:00,suppression,predicate,8
lineage_00219,2021-05-04 22:27:05+00:00,suppression,predicate,0
lineage_00219,2022-02-24 19:57:24+00:00,suppression,value,295
lineage_03482,2024-03-11 13:33:00+00:00,suppression,predicate,1245
lineage_03482,2024-03-13 13:51:21+00:00,suppression,predicate,1247
lineage_03726,2022-05-11 14:30:14+00:00,suppression,value,625
lineage_03726,2024-03-11 13:33:00+00:00,suppression,predicate,1295
lineage_03726,2024-03-13 13:51:21+00:00,suppression,predicate,1297
lineage_01296,2022-10-12 16:51:58+00:00,suppression,predicate,893
lineage_02220,2020-02-13 05:27:36+00:00,suppression,predicate,0
lineage_02807,2020-07-23 12:31:21+00:00,relaxation,value,1256
lineage_00902,2022-04-06 15:14:34+00:00,relaxation,value,890
lineage_00902,2022-04-07 12:15:44+00:00,relaxation,value,891
lineage_00902,2022-08-26 15:48:14+00:00,relaxation,value,1032
lineage_00902,2023-05-05 15:52:47+00:00,relaxation,value,1284
lineage_00902,2023-11-15 13:59:17+00:00,relaxation,value,1478
lineage_00902,2023-11-15 14:34:51+00:00,relaxation,value,1478
lineage_03719,2023-07-13 09:05:00+00:00,relaxation,value,483
lineage_03719,2024-01-23 11:15:04+00:00,relaxation,value,677
lineage_00913,2022-06-30 15:36:49+00:00,relaxation,value,81
lineage_00913,2023-12-21 20:04:18+00:00,relaxation,value,621
lineage_02152,2024-03-26 18:09:21+00:00,relaxation,value,449
lineage_02396,2022-09-07 12:07:04+00:00,relaxation,value,831
lineage_02396,2024-03-26 18:09:21+00:00,relaxation,value,1397
lineage_02396,2024-06-25 09:26:45+00:00,relaxation,value,1488
lineage_00103,2021-12-01 15:37:11+00:00,relaxation,value,621
lineage_02582,2022-06-18 15:43:22+00:00,relaxation,value,280
lineage_03299,2022-11-29 12:47:09+00:00,relaxation,value,214
lineage_03092,2022-05-08 09:07:52+00:00,relaxation,value,59
lineage_03092,2023-01-26 21:42:56+00:00,relaxation,value,323
lineage_02705,2022-11-07 13:14:04+00:00,relaxation,value,101
lineage_02755,2023-11-15 13:59:17+00:00,relaxation,value,633
lineage_02755,2023-11-15 14:34:51+00:00,relaxation,value,633
lineage_02133,2022-11-08 16:26:24+00:00,relaxation,value,1111
lineage_00620,2023-06-01 21:35:57+00:00,relaxation,value,80
lineage_02306,2022-10-21 15:29:34+00:00,relaxation,value,828
lineage_01902,2021-11-20 12:01:24+00:00,relaxation,value,386
lineage_01902,2021-11-25 18:04:27+00:00,relaxation,value,391
lineage_01902,2023-07-28 12:32:57+00:00,relaxation,value,1001
lineage_02265,2021-11-16 12:33:00+00:00,relaxation,value,749
lineage_02265,2021-11-16 12:46:15+00:00,relaxation,value,749
lineage_02265,2022-08-09 08:56:58+00:00,relaxation,value,1015
lineage_01336,2021-11-26 19:00:55+00:00,relaxation,value,409
lineage_01336,2021-11-29 09:57:01+00:00,relaxation,value,412
lineage_01336,2021-12-03 18:02:24+00:00,relaxation,value,416
lineage_01336,2021-12-04 09:57:13+00:00,relaxation,value,417
lineage_01336,2023-02-23 11:49:44+00:00,relaxation,value,863
lineage_03018,2020-05-23 11:05:09+00:00,relaxation,value,173
lineage_03018,2022-11-08 16:25:53+00:00,relaxation,value,1072
lineage_00306,2022-10-28 16:11:30+00:00,relaxation,value,3
lineage_00306,2023-03-15 00:10:52+00:00,relaxation,value,140
lineage_02981,2022-10-28 16:11:30+00:00,relaxation,value,3
lineage_03007,2024-08-12 10:02:50+00:00,relaxation,value,31
lineage_03538,2023-06-11 22:41:36+00:00,relaxation,value,2
lineage_04100,2022-09-11 14:28:04+00:00,relaxation,value,27
lineage_04100,2022-09-21 09:53:39+00:00,relaxation,value,37
lineage_04100,2022-09-26 22:17:53+00:00,relaxation,value,42
lineage_04100,2022-09-29 09:16:42+00:00,relaxation,value,45
lineage_04100,2023-05-05 15:52:47+00:00,relaxation,value,263
lineage_03145,2023-05-20 20:38:06+00:00,relaxation,value,5
lineage_03019,2020-05-19 00:29:53+00:00,relaxation,value,203
lineage_01178,2023-04-03 10:06:14+00:00,relaxation,value,20
lineage_01555,2022-09-02 15:44:53+00:00,relaxation,value,46
lineage_01555,2022-09-29 09:16:42+00:00,relaxation,value,72
lineage_01555,2023-04-03 10:06:14+00:00,relaxation,value,258
lineage_00997,2022-11-01 10:10:07+00:00,relaxation,value,749
lineage_00997,2022-11-08 16:33:45+00:00,relaxation,value,756
lineage_03036,2020-06-05 17:18:03+00:00,relaxation,value,225
lineage_03036,2021-11-17 17:59:22+00:00,relaxation,value,755
lineage_03036,2023-11-10 16:32:28+00:00,relaxation,value,1478
lineage_03036,2023-12-21 20:04:18+00:00,relaxation,value,1519
lineage_02928,2021-11-25 18:04:27+00:00,relaxation,value,408
lineage_00592,2023-11-03 15:59:53+00:00,relaxation,value,184
lineage_02760,2022-06-27 21:03:36+00:00,relaxation,value,229
lineage_01143,2021-07-01 06:33:30+00:00,relaxation,value,1570
lineage_01143,2021-07-02 21:02:43+00:00,relaxation,value,1572
lineage_01143,2022-02-09 16:47:22+00:00,relaxation,value,1794
lineage_00976,2024-02-12 10:05:21+00:00,relaxation,value,1734
lineage_01939,2022-02-27 09:58:14+00:00,relaxation,value,1575
lineage_01569,2020-10-26 06:58:04+00:00,relaxation,value,14
lineage_01843,2022-02-02 12:48:56+00:00,relaxation,value,1780
lineage_00115,2023-01-31 21:18:32+00:00,relaxation,value,1190
lineage_02006,2024-02-12 11:29:36+00:00,relaxation,value,1571
lineage_00380,2021-09-13 01:14:27+00:00,relaxation,value,0
lineage_02132,2021-09-13 01:16:37+00:00,relaxation,value,0
lineage_00989,2021-09-13 01:19:57+00:00,relaxation,value,0
lineage_03359,2021-09-13 01:22:16+00:00,relaxation,value,0
lineage_03277,2021-09-13 01:24:12+00:00,relaxation,value,0
lineage_02643,2022-01-19 17:23:30+00:00,relaxation,value,818
lineage_02643,2022-02-16 16:26:57+00:00,relaxation,value,846
lineage_02643,2023-10-23 08:35:57+00:00,relaxation,value,1459
lineage_02591,2020-10-12 19:42:34+00:00,relaxation,value,354
lineage_00069,2020-03-20 20:48:19+00:00,relaxation,value,1094
lineage_01447,2021-08-12 14:28:07+00:00,relaxation,value,658
lineage_01447,2021-08-16 10:56:24+00:00,relaxation,value,661
lineage_02481,2021-08-21 07:58:58+00:00,relaxation,value,1630
lineage_02481,2021-12-01 21:15:41+00:00,relaxation,value,1732
lineage_02481,2023-04-21 09:14:55+00:00,relaxation,value,2238
lineage_04263,2024-11-01 09:20:29+00:00,relaxation,value,1028
lineage_00630,2022-12-30 10:46:21+00:00,relaxation,value,435
lineage_01968,2023-01-12 16:14:14+00:00,relaxation,value,361
lineage_00477,2024-08-12 10:02:50+00:00,relaxation,value,593
lineage_00333,2023-07-13 08:01:05+00:00,relaxation,value,1008
lineage_00333,2023-07-26 08:56:18+00:00,relaxation,value,1021
lineage_02674,2022-06-28 05:11:18+00:00,relaxation,value,0
lineage_03022,2021-11-27 08:13:53+00:00,relaxation,value,760
lineage_03022,2021-11-29 09:57:01+00:00,relaxation,value,762
lineage_02275,2021-11-22 10:02:01+00:00,relaxation,value,745
lineage_02275,2021-12-01 12:39:53+00:00,relaxation,value,754
lineage_02275,2021-12-04 18:18:45+00:00,relaxation,value,757
lineage_02275,2023-01-25 12:08:20+00:00,relaxation,value,1174
lineage_04652,2021-12-01 12:39:53+00:00,relaxation,value,9
lineage_04652,2022-03-13 22:29:54+00:00,relaxation,value,111
lineage_00894,2023-04-26 11:22:01+00:00,relaxation,value,514
lineage_00741,2022-07-06 13:38:31+00:00,relaxation,value,114
lineage_00741,2022-08-13 07:59:31+00:00,relaxation,value,152
lineage_03437,2023-12-04 00:14:15+00:00,relaxation,value,858
lineage_03163,2023-11-10 16:32:28+00:00,relaxation,value,307
lineage_03163,2023-12-04 00:14:15+00:00,relaxation,value,330
lineage_03930,2023-10-17 15:01:34+00:00,relaxation,value,585
lineage_03930,2024-07-17 09:04:05+00:00,relaxation,value,858
lineage_04120,2020-11-17 09:12:55+00:00,relaxation,value,27
lineage_02528,2023-02-17 20:36:54+00:00,relaxation,value,851
lineage_03283,2022-12-24 13:10:21+00:00,relaxation,value,145
lineage_00523,2023-03-09 21:10:42+00:00,relaxation,value,1254
lineage_03539,2021-09-19 09:24:17+00:00,relaxation,value,625
lineage_00348,2023-10-04 17:06:57+00:00,relaxation,value,985
lineage_03142,2023-08-15 14:20:14+00:00,relaxation,value,628
lineage_00985,2023-02-15 18:55:40+00:00,relaxation,value,232
lineage_00394,2020-09-05 17:35:21+00:00,relaxation,value,597
lineage_02824,2023-03-02 23:21:25+00:00,relaxation,value,316
lineage_00168,2022-12-07 10:52:38+00:00,relaxation,value,773
lineage_00168,2023-12-21 20:04:18+00:00,relaxation,value,1152
lineage_00864,2020-12-04 16:42:05+00:00,relaxation,value,468
lineage_01327,2022-09-29 20:29:47+00:00,relaxation,value,818
lineage_00355,2024-04-26 11:40:11+00:00,relaxation,value,1550
lineage_04702,2024-06-25 09:26:45+00:00,relaxation,value,941
lineage_01445,2017-03-21 09:42:22+00:00,relaxation,value,1
lineage_01445,2022-10-09 14:54:04+00:00,relaxation,value,2029
lineage_01445,2022-11-22 00:22:36+00:00,relaxation,value,2073
lineage_02075,2021-09-09 10:55:10+00:00,relaxation,value,0
lineage_02075,2022-03-04 13:07:28+00:00,relaxation,value,176
lineage_00397,2023-10-28 10:55:32+00:00,relaxation,value,351
lineage_00045,2023-07-13 15:31:13+00:00,relaxation,value,6
lineage_00045,2023-07-24 10:35:11+00:00,relaxation,value,17
lineage_01339,2025-10-09 11:03:39+00:00,relaxation,value,968
lineage_02162,2022-11-10 16:05:05+00:00,relaxation,value,762
lineage_00182,2020-10-23 09:25:32+00:00,relaxation,value,13
lineage_00182,2023-10-23 08:35:57+00:00,relaxation,value,1108
lineage_02475,2022-09-27 08:47:19+00:00,relaxation,value,108
lineage_01849,2019-04-04 20:32:21+00:00,relaxation,value,57
lineage_03113,2023-01-30 19:02:45+00:00,relaxation,value,217
lineage_02367,2023-04-03 10:06:14+00:00,relaxation,value,615
lineage_01238,2023-02-05 20:46:22+00:00,relaxation,value,424
lineage_00393,2022-12-29 23:56:40+00:00,relaxation,value,523
lineage_02947,2022-09-20 15:45:13+00:00,relaxation,value,0
lineage_01419,2022-11-12 07:33:04+00:00,relaxation,value,754
lineage_01419,2023-01-09 23:13:37+00:00,relaxation,value,812
lineage_02559,2021-11-18 09:06:03+00:00,relaxation,value,328
lineage_01378,2019-04-04 20:33:32+00:00,relaxation,value,77
lineage_03593,2023-12-21 20:04:18+00:00,relaxation,value,1725
lineage_03906,2021-04-02 22:08:55+00:00,relaxation,value,724
lineage_03835,2022-02-22 10:16:31+00:00,relaxation,value,1132
lineage_03835,2022-02-28 12:12:46+00:00,relaxation,value,1138
lineage_01193,2020-10-12 15:28:28+00:00,relaxation,value,5
lineage_01148,2019-04-11 10:53:12+00:00,relaxation,value,220
lineage_02968,2023-01-30 19:02:45+00:00,relaxation,value,243
lineage_02462,2023-05-31 15:10:24+00:00,relaxation,value,962
lineage_03255,2023-12-21 20:04:18+00:00,relaxation,value,780
lineage_02511,2023-01-30 19:02:45+00:00,relaxation,value,1474
lineage_02107,2023-12-21 20:04:18+00:00,relaxation,value,482
lineage_02801,2023-02-01 23:24:35+00:00,relaxation,value,161
lineage_00683,2024-03-15 20:40:15+00:00,relaxation,value,1341
lineage_01049,2022-11-01 13:58:02+00:00,relaxation,value,72
lineage_00569,2020-01-24 14:31:07+00:00,relaxation,value,223
lineage_00569,2023-01-18 19:18:36+00:00,relaxation,value,1313
lineage_02189,2023-11-15 13:59:17+00:00,relaxation,value,329
lineage_02189,2023-11-15 14:34:51+00:00,relaxation,value,329
lineage_00450,2021-08-16 11:55:00+00:00,relaxation,value,636
lineage_04059,2023-02-06 11:36:41+00:00,relaxation,value,149
lineage_02930,2022-11-01 08:55:44+00:00,relaxation,value,1105
lineage_01164,2023-09-07 09:42:15+00:00,relaxation,value,832
lineage_04698,2022-12-15 22:54:46+00:00,relaxation,value,208
lineage_03332,2022-01-14 10:47:46+00:00,relaxation,value,0
lineage_03332,2023-10-12 10:47:45+00:00,relaxation,value,636
lineage_03332,2023-11-20 12:45:53+00:00,relaxation,value,675
lineage_03332,2023-12-21 20:04:18+00:00,relaxation,value,706
lineage_03332,2024-02-08 15:11:32+00:00,relaxation,value,755
lineage_02036,2022-12-14 10:09:46+00:00,relaxation,value,786
lineage_01078,2024-01-29 12:37:20+00:00,relaxation,value,329
lineage_03903,2025-10-09 11:03:39+00:00,relaxation,value,1326
lineage_01364,2023-10-12 10:47:45+00:00,relaxation,value,440
lineage_02915,2023-11-15 13:59:17+00:00,relaxation,value,105
lineage_02915,2023-11-15 14:34:51+00:00,relaxation,value,105
lineage_02915,2023-12-21 20:04:18+00:00,relaxation,value,141
lineage_03762,2022-12-30 10:46:21+00:00,relaxation,value,27
lineage_01244,2021-11-29 15:13:24+00:00,relaxation,value,98
lineage_03638,2025-10-09 11:03:39+00:00,relaxation,value,1217
lineage_02547,2020-10-26 11:01:46+00:00,relaxation,value,18
lineage_00298,2021-09-02 08:28:01+00:00,relaxation,value,313
lineage_00298,2023-11-10 16:32:28+00:00,relaxation,value,1112
lineage_00298,2023-11-15 13:27:18+00:00,relaxation,value,1117
lineage_00298,2023-11-15 13:59:42+00:00,relaxation,value,1117
lineage_00298,2023-11-15 14:35:43+00:00,relaxation,value,1117
lineage_00298,2024-08-29 12:43:32+00:00,relaxation,value,1405
lineage_00382,2022-02-02 12:49:06+00:00,relaxation,value,98
lineage_04225,2024-07-17 09:04:05+00:00,relaxation,value,632
lineage_01872,2023-01-06 15:35:34+00:00,relaxation,value,31
lineage_01872,2023-03-24 09:41:21+00:00,relaxation,value,107
lineage_01872,2023-09-13 09:59:49+00:00,relaxation,value,280
lineage_01872,2023-12-21 20:04:18+00:00,relaxation,value,380
lineage_03328,2022-02-09 23:46:07+00:00,relaxation,value,840
lineage_03328,2022-02-11 16:12:43+00:00,relaxation,value,841
lineage_03328,2022-09-13 11:02:17+00:00,relaxation,value,1055
lineage_00139,2022-12-14 10:25:21+00:00,relaxation,value,369
lineage_02931,2022-09-06 20:59:24+00:00,relaxation,value,0
lineage_02860,2022-02-10 11:15:18+00:00,relaxation,value,15
lineage_03518,2023-09-07 09:42:15+00:00,relaxation,value,1409
lineage_01480,2022-01-14 09:15:03+00:00,relaxation,value,35
lineage_01480,2022-11-10 07:41:43+00:00,relaxation,value,335
lineage_01480,2023-12-21 20:04:18+00:00,relaxation,value,742
lineage_00558,2023-07-24 09:01:02+00:00,relaxation,value,351
lineage_02610,2019-05-09 21:48:42+00:00,relaxation,value,0
lineage_02610,2021-03-15 11:07:05+00:00,relaxation,value,675
lineage_03105,2020-01-24 14:31:06+00:00,relaxation,value,372
lineage_03105,2021-03-02 09:08:30+00:00,relaxation,value,775
lineage_03105,2022-05-25 09:19:09+00:00,relaxation,value,1224
lineage_03105,2022-09-07 12:15:10+00:00,relaxation,value,1329
lineage_01823,2020-07-23 15:04:16+00:00,relaxation,value,207
lineage_02676,2019-07-02 18:14:45+00:00,relaxation,value,245
lineage_02676,2022-06-28 21:21:46+00:00,relaxation,value,1337
lineage_02676,2023-12-21 20:04:18+00:00,relaxation,value,1878
lineage_02155,2021-08-31 10:51:21+00:00,relaxation,value,672
lineage_02155,2022-02-22 10:16:31+00:00,relaxation,value,847
lineage_01067,2022-02-04 08:53:41+00:00,relaxation,value,1118
lineage_01067,2023-02-21 21:15:30+00:00,relaxation,value,1501
lineage_01067,2023-11-15 13:59:17+00:00,relaxation,value,1768
lineage_01067,2023-11-15 14:34:51+00:00,relaxation,value,1768
lineage_00660,2021-08-26 11:54:18+00:00,relaxation,value,14
lineage_04067,2021-02-25 14:19:26+00:00,relaxation,value,490
lineage_04067,2021-11-10 18:12:51+00:00,relaxation,value,748
lineage_00054,2019-04-04 20:32:47+00:00,relaxation,value,1
lineage_00054,2023-04-03 10:06:14+00:00,relaxation,value,1460
lineage_03504,2024-01-29 12:37:20+00:00,relaxation,value,1838
lineage_02094,2023-11-15 13:59:17+00:00,relaxation,value,1128
lineage_02094,2023-11-15 14:34:51+00:00,relaxation,value,1128
lineage_03127,2023-12-04 00:14:15+00:00,relaxation,value,677
lineage_02910,2019-11-13 21:58:00+00:00,relaxation,value,9
lineage_02910,2022-02-07 12:58:16+00:00,relaxation,value,826
lineage_02910,2022-02-09 17:18:57+00:00,relaxation,value,828
lineage_02910,2022-02-09 18:09:14+00:00,relaxation,value,828
lineage_02910,2022-11-29 12:47:09+00:00,relaxation,value,1121
lineage_02910,2023-05-15 13:53:39+00:00,relaxation,value,1288
lineage_02910,2023-12-04 00:14:15+00:00,relaxation,value,1490
lineage_02418,2021-12-05 10:25:29+00:00,relaxation,value,0
lineage_00883,2021-12-05 10:25:29+00:00,relaxation,value,0
lineage_00385,2021-12-05 10:25:29+00:00,relaxation,value,0
lineage_00498,2021-12-27 18:45:08+00:00,relaxation,value,22
lineage_02194,2021-12-05 10:25:29+00:00,relaxation,value,0
lineage_00539,2021-12-05 10:25:29+00:00,relaxation,value,0
lineage_00577,2021-12-05 10:25:29+00:00,relaxation,value,0
lineage_00577,2023-02-17 22:16:42+00:00,relaxation,value,439
lineage_00787,2021-12-05 10:25:29+00:00,relaxation,value,0
lineage_01069,2021-12-05 10:25:29+00:00,relaxation,value,0
lineage_00199,2021-12-05 10:25:29+00:00,relaxation,value,0
lineage_00855,2021-12-05 10:25:29+00:00,relaxation,value,0
lineage_00427,2021-12-05 10:25:29+00:00,relaxation,value,0
lineage_00819,2021-12-05 10:25:29+00:00,relaxation,value,0
lineage_04433,2022-07-05 04:33:26+00:00,relaxation,value,0
lineage_04433,2022-08-10 15:28:02+00:00,relaxation,value,37
lineage_03198,2022-12-08 06:43:25+00:00,relaxation,value,0
lineage_03924,2023-09-29 12:33:55+00:00,relaxation,value,78
lineage_01735,2025-11-10 12:52:54+00:00,relaxation,value,1381
lineage_02580,2021-05-01 19:05:34+00:00,relaxation,value,382
lineage_02580,2021-12-21 12:47:39+00:00,relaxation,value,616
lineage_02580,2022-09-02 14:59:54+00:00,relaxation,value,871
lineage_04376,2022-05-09 08:44:55+00:00,relaxation,value,4
lineage_03578,2020-05-24 13:16:07+00:00,relaxation,value,949
lineage_03578,2024-07-16 09:32:40+00:00,relaxation,value,2463
lineage_02292,2022-05-09 16:03:02+00:00,relaxation,value,328
lineage_02292,2022-08-08 11:57:32+00:00,relaxation,value,418
lineage_04574,2022-09-29 09:16:42+00:00,relaxation,value,32
lineage_00567,2022-09-19 07:23:15+00:00,relaxation,value,562
lineage_04258,2023-03-14 22:58:04+00:00,relaxation,value,225
lineage_04558,2019-10-22 23:39:40+00:00,relaxation,value,0
lineage_01960,2022-01-12 19:27:56+00:00,relaxation,value,222
lineage_01302,2019-11-12 22:12:27+00:00,relaxation,value,999
lineage_01009,2022-07-27 12:18:29+00:00,relaxation,value,345
lineage_01286,2021-11-20 14:03:11+00:00,relaxation,value,1789
lineage_01286,2022-02-11 11:00:08+00:00,relaxation,value,1871
lineage_01286,2022-03-02 10:14:01+00:00,relaxation,value,1890
lineage_01813,2022-06-28 13:34:19+00:00,relaxation,value,18
lineage_01305,2022-10-25 09:08:51+00:00,relaxation,value,278
lineage_01305,2022-10-27 07:46:05+00:00,relaxation,value,279
lineage_01305,2022-10-31 10:13:56+00:00,relaxation,value,284
lineage_01305,2022-12-05 16:39:42+00:00,relaxation,value,319
lineage_01305,2023-04-27 14:40:07+00:00,relaxation,value,462
lineage_02135,2022-02-09 17:18:57+00:00,relaxation,value,1262
lineage_03503,2023-09-10 22:14:25+00:00,relaxation,value,568
lineage_03503,2024-01-23 11:15:04+00:00,relaxation,value,703
lineage_02480,2024-01-23 11:15:04+00:00,relaxation,value,330
lineage_00799,2024-01-23 11:15:04+00:00,relaxation,value,370
lineage_01416,2021-12-01 18:33:48+00:00,relaxation,value,973
lineage_01066,2024-01-29 12:37:20+00:00,relaxation,value,1362
lineage_02467,2023-03-16 19:26:20+00:00,relaxation,value,52
lineage_01340,2022-09-28 17:31:22+00:00,relaxation,value,1059
lineage_00330,2023-01-31 21:18:32+00:00,relaxation,value,1190
lineage_00930,2021-12-08 19:12:57+00:00,relaxation,value,980
lineage_01475,2018-03-27 12:35:49+00:00,relaxation,value,413
lineage_00594,2023-03-14 22:58:04+00:00,relaxation,value,99
lineage_01033,2021-12-08 19:12:57+00:00,relaxation,value,1033
lineage_02309,2023-12-21 20:04:18+00:00,relaxation,value,583
lineage_00219,2022-11-29 12:47:09+00:00,relaxation,value,573
lineage_04079,2022-10-12 16:51:58+00:00,relaxation,value,893
