lineage,version_b,field,class_id,class
lineage_00243,11,_raw,1,process / file / registry content
lineage_00077,6,errorCode,4,system-assigned
lineage_01979,13,errorCode,4,system-assigned
lineage_01979,13,errorMessage,4,system-assigned
lineage_01979,13,responseElements,6,operation parameters
lineage_01854,9,DeviceDetail.trusttype,6,operation parameters
lineage_02031,10,SourceParentImage,1,process / file / registry content
lineage_02807,8,StartModule,1,process / file / registry content
lineage_02243,5,SourceImage,1,process / file / registry content
lineage_02243,5,TargetImage,1,process / file / registry content
lineage_02243,5,SourceImage,1,process / file / registry content
lineage_02243,5,TargetImage,1,process / file / registry content
lineage_02243,5,SourceImage,1,process / file / registry content
lineage_02243,5,TargetImage,1,process / file / registry content
lineage_02243,6,SourceImage,1,process / file / registry content
lineage_02243,6,TargetImage,1,process / file / registry content
lineage_02243,6,SourceImage,1,process / file / registry content
lineage_02243,6,TargetImage,1,process / file / registry content
lineage_02243,6,SourceImage,1,process / file / registry content
lineage_02243,7,SourceImage,1,process / file / registry content
lineage_02243,7,TargetImage,1,process / file / registry content
lineage_00531,2,SourceImage,1,process / file / registry content
lineage_00531,3,SourceImage,1,process / file / registry content
lineage_00531,3,SourceImage,1,process / file / registry content
lineage_00531,3,StartFunction,1,process / file / registry content
lineage_02634,4,SourceImage,1,process / file / registry content
lineage_02634,4,SourceImage,1,process / file / registry content
lineage_02634,5,SourceImage,1,process / file / registry content
lineage_02634,5,SourceImage,1,process / file / registry content
lineage_00902,15,SourceImage,1,process / file / registry content
lineage_00902,15,StartFunction,1,process / file / registry content
lineage_00902,15,StartModule,1,process / file / registry content
lineage_00902,15,TargetImage,1,process / file / registry content
lineage_00902,19,SourceImage,1,process / file / registry content
lineage_00902,19,TargetParentProcessId,4,system-assigned
lineage_00902,20,SourceImage,1,process / file / registry content
lineage_00902,20,TargetImage,1,process / file / registry content
lineage_00902,22,SourceParentImage,1,process / file / registry content
lineage_00902,23,SourceParentImage,1,process / file / registry content
lineage_00902,24,TargetImage,1,process / file / registry content
lineage_00902,24,SourceImage,1,process / file / registry content
lineage_00902,24,TargetImage,1,process / file / registry content
lineage_00902,25,SourceParentImage,1,process / file / registry content
lineage_00902,26,SourceImage,1,process / file / registry content
lineage_00902,26,TargetImage,1,process / file / registry content
lineage_00902,28,SourceImage,1,process / file / registry content
lineage_00902,28,TargetImage,1,process / file / registry content
lineage_00902,30,SourceImage,1,process / file / registry content
lineage_00902,30,TargetImage,1,process / file / registry content
lineage_00902,33,TargetParentImage,1,process / file / registry content
lineage_00902,34,TargetParentProcessId,4,system-assigned
lineage_00902,38,TargetImage,1,process / file / registry content
lineage_00902,40,SourceImage,1,process / file / registry content
lineage_00902,40,SourceImage,1,process / file / registry content
lineage_00902,40,TargetImage,1,process / file / registry content
lineage_00902,40,SourceImage,1,process / file / registry content
lineage_00902,40,TargetImage,1,process / file / registry content
lineage_00902,40,SourceImage,1,process / file / registry content
lineage_00902,40,TargetImage,1,process / file / registry content
lineage_00902,40,SourceImage,1,process / file / registry content
lineage_00902,40,TargetImage,1,process / file / registry content
lineage_00902,41,TargetImage,1,process / file / registry content
lineage_00902,41,TargetImage,1,process / file / registry content
lineage_00902,41,SourceImage,1,process / file / registry content
lineage_00902,41,TargetImage,1,process / file / registry content
lineage_00902,43,TargetImage,1,process / file / registry content
lineage_00902,43,TargetImage,1,process / file / registry content
lineage_00902,43,SourceImage,1,process / file / registry content
lineage_00902,43,TargetImage,1,process / file / registry content
lineage_00902,45,TargetImage,1,process / file / registry content
lineage_00902,45,TargetImage,1,process / file / registry content
lineage_00902,45,SourceImage,1,process / file / registry content
lineage_00902,45,TargetImage,1,process / file / registry content
lineage_00902,46,SourceCommandLine,1,process / file / registry content
lineage_00902,46,SourceCommandLine,1,process / file / registry content
lineage_00902,46,SourceCommandLine,1,process / file / registry content
lineage_00902,46,SourceCommandLine,1,process / file / registry content
lineage_00902,46,SourceImage,1,process / file / registry content
lineage_00902,46,SourceParentImage,1,process / file / registry content
lineage_00902,46,SourceParentImage,1,process / file / registry content
lineage_00902,46,SourceParentImage,1,process / file / registry content
lineage_00902,46,SourceImage,1,process / file / registry content
lineage_00902,47,SourceImage,1,process / file / registry content
lineage_00902,47,TargetImage,1,process / file / registry content
lineage_00902,47,SourceParentImage,1,process / file / registry content
lineage_00902,47,TargetImage,1,process / file / registry content
lineage_00902,47,SourceImage,1,process / file / registry content
lineage_00902,47,TargetImage,1,process / file / registry content
lineage_00902,47,SourceImage,1,process / file / registry content
lineage_00902,47,TargetImage,1,process / file / registry content
lineage_00902,47,SourceImage,1,process / file / registry content
lineage_00902,47,TargetImage,1,process / file / registry content
lineage_00902,47,TargetImage,1,process / file / registry content
lineage_00902,50,TargetImage,1,process / file / registry content
lineage_00902,50,TargetImage,1,process / file / registry content
lineage_00902,51,TargetImage,1,process / file / registry content
lineage_00902,51,TargetImage,1,process / file / registry content
lineage_00902,51,TargetImage,1,process / file / registry content
lineage_00902,51,TargetImage,1,process / file / registry content
lineage_00902,51,TargetImage,1,process / file / registry content
lineage_00902,51,SourceImage,1,process / file / registry content
lineage_00902,51,TargetImage,1,process / file / registry content
lineage_00902,51,TargetImage,1,process / file / registry content
lineage_03719,6,StartFunction,1,process / file / registry content
lineage_03719,8,SourceImage,1,process / file / registry content
lineage_03719,11,SourceImage,1,process / file / registry content
lineage_03719,11,TargetImage,1,process / file / registry content
lineage_03719,11,SourceImage,1,process / file / registry content
lineage_03719,12,TargetImage,1,process / file / registry content
lineage_03719,13,SourceImage,1,process / file / registry content
lineage_03719,13,TargetImage,1,process / file / registry content
lineage_03719,14,SourceImage,1,process / file / registry content
lineage_03719,14,StartFunction,1,process / file / registry content
lineage_03719,14,TargetImage,1,process / file / registry content
lineage_03719,14,SourceImage,1,process / file / registry content
lineage_03719,14,StartFunction,1,process / file / registry content
lineage_03719,16,SourceImage,1,process / file / registry content
lineage_03719,16,StartFunction,1,process / file / registry content
lineage_03719,16,TargetImage,1,process / file / registry content
lineage_03719,16,SourceImage,1,process / file / registry content
lineage_03719,16,TargetImage,1,process / file / registry content
lineage_03719,16,SourceImage,1,process / file / registry content
lineage_03719,16,StartFunction,1,process / file / registry content
lineage_03719,16,SourceImage,1,process / file / registry content
lineage_03719,18,SourceImage,1,process / file / registry content
lineage_03719,18,StartFunction,1,process / file / registry content
lineage_03719,18,TargetImage,1,process / file / registry content
lineage_03719,23,SourceImage,1,process / file / registry content
lineage_03719,23,TargetImage,1,process / file / registry content
lineage_03719,23,SourceImage,1,process / file / registry content
lineage_03719,23,TargetImage,1,process / file / registry content
lineage_01890,3,Image,1,process / file / registry content
lineage_01890,4,Image,1,process / file / registry content
lineage_01890,4,Image,1,process / file / registry content
lineage_01890,4,Image,1,process / file / registry content
lineage_01890,4,Image,1,process / file / registry content
lineage_01890,4,Image,1,process / file / registry content
lineage_01890,4,Image,1,process / file / registry content
lineage_01890,4,Image,1,process / file / registry content
lineage_01890,4,Image,1,process / file / registry content
lineage_01890,4,Image,1,process / file / registry content
lineage_01890,4,Image,1,process / file / registry content
lineage_01890,4,Image,1,process / file / registry content
lineage_01890,4,Image,1,process / file / registry content
lineage_01890,4,Image,1,process / file / registry content
lineage_01890,4,Image,1,process / file / registry content
lineage_01890,4,Image,1,process / file / registry content
lineage_01890,5,Image,1,process / file / registry content
lineage_01890,5,Image,1,process / file / registry content
lineage_01890,5,TargetFilename,1,process / file / registry content
lineage_01890,5,TargetFilename,1,process / file / registry content
lineage_01890,5,TargetFilename,1,process / file / registry content
lineage_01890,5,TargetFilename,1,process / file / registry content
lineage_02019,2,Image,1,process / file / registry content
lineage_02019,2,Image,1,process / file / registry content
lineage_02019,2,Image,1,process / file / registry content
lineage_02019,4,Image,1,process / file / registry content
lineage_02019,5,Image,1,process / file / registry content
lineage_02019,6,Image,1,process / file / registry content
lineage_02019,9,Image,1,process / file / registry content
lineage_02019,9,Image,1,process / file / registry content
lineage_02019,9,Image,1,process / file / registry content
lineage_03909,5,Image,1,process / file / registry content
lineage_03909,10,Image,1,process / file / registry content
lineage_03909,10,Image,1,process / file / registry content
lineage_03909,10,Image,1,process / file / registry content
lineage_03909,10,Image,1,process / file / registry content
lineage_03909,10,Image,1,process / file / registry content
lineage_03909,10,Image,1,process / file / registry content
lineage_03909,10,Image,1,process / file / registry content
lineage_03909,10,Image,1,process / file / registry content
lineage_03909,10,Image,1,process / file / registry content
lineage_03909,10,Image,1,process / file / registry content
lineage_03909,10,Image,1,process / file / registry content
lineage_03909,10,Image,1,process / file / registry content
lineage_03909,10,Image,1,process / file / registry content
lineage_03909,10,Image,1,process / file / registry content
lineage_03909,10,Image,1,process / file / registry content
lineage_03909,13,Image,1,process / file / registry content
lineage_03909,13,Image,1,process / file / registry content
lineage_03909,13,Image,1,process / file / registry content
lineage_03909,13,Image,1,process / file / registry content
lineage_03909,13,Image,1,process / file / registry content
lineage_03909,13,Image,1,process / file / registry content
lineage_03909,13,Image,1,process / file / registry content
lineage_03909,13,Image,1,process / file / registry content
lineage_03909,13,Image,1,process / file / registry content
lineage_03909,13,Image,1,process / file / registry content
lineage_03909,13,Image,1,process / file / registry content
lineage_03909,13,Image,1,process / file / registry content
lineage_03909,13,Image,1,process / file / registry content
lineage_03909,13,Image,1,process / file / registry content
lineage_03909,13,Image,1,process / file / registry content
lineage_03909,13,Image,1,process / file / registry content
lineage_03909,13,Image,1,process / file / registry content
lineage_03909,13,Image,1,process / file / registry content
lineage_03909,13,Image,1,process / file / registry content
lineage_03909,13,Image,1,process / file / registry content
lineage_03909,13,Image,1,process / file / registry content
lineage_03909,13,Image,1,process / file / registry content
lineage_00468,3,Image,1,process / file / registry content
lineage_00468,8,Image,1,process / file / registry content
lineage_00468,12,Image,1,process / file / registry content
lineage_00468,12,Image,1,process / file / registry content
lineage_00468,12,Image,1,process / file / registry content
lineage_00468,12,Image,1,process / file / registry content
lineage_00468,12,Image,1,process / file / registry content
lineage_00468,12,Image,1,process / file / registry content
lineage_00468,12,Image,1,process / file / registry content
lineage_00468,12,Image,1,process / file / registry content
lineage_00468,12,Image,1,process / file / registry content
lineage_00468,12,Image,1,process / file / registry content
lineage_00468,12,Image,1,process / file / registry content
lineage_00468,12,Image,1,process / file / registry content
lineage_00468,12,Image,1,process / file / registry content
lineage_00468,12,Image,1,process / file / registry content
lineage_00468,12,Image,1,process / file / registry content
lineage_00913,2,ParentImage,1,process / file / registry content
lineage_00913,2,TargetFilename,1,process / file / registry content
lineage_00913,7,CommandLine,1,process / file / registry content
lineage_00913,7,Image,1,process / file / registry content
lineage_00913,8,Image,1,process / file / registry content
lineage_00913,8,ParentImage,1,process / file / registry content
lineage_00913,9,Image,1,process / file / registry content
lineage_00913,11,Image,1,process / file / registry content
lineage_00913,11,ParentImage,1,process / file / registry content
lineage_00913,12,Image,1,process / file / registry content
lineage_00913,12,ParentImage,1,process / file / registry content
lineage_00913,16,Image,1,process / file / registry content
lineage_00913,16,Image,1,process / file / registry content
lineage_00913,16,Image,1,process / file / registry content
lineage_00913,16,Image,1,process / file / registry content
lineage_02935,3,Image,1,process / file / registry content
lineage_02935,3,Image,1,process / file / registry content
lineage_02020,3,Image,1,process / file / registry content
lineage_02020,3,TargetFilename,1,process / file / registry content
lineage_02020,3,TargetFilename,1,process / file / registry content
lineage_02020,9,Image,1,process / file / registry content
lineage_02020,9,Image,1,process / file / registry content
lineage_02020,9,TargetFilename,1,process / file / registry content
lineage_02020,15,Image,1,process / file / registry content
lineage_02020,15,Image,1,process / file / registry content
lineage_02020,15,Image,1,process / file / registry content
lineage_02020,15,Image,1,process / file / registry content
lineage_02020,15,Image,1,process / file / registry content
lineage_02020,15,Image,1,process / file / registry content
lineage_02020,15,TargetFilename,1,process / file / registry content
lineage_00310,4,User,3,account identity
lineage_00173,9,TargetFilename,1,process / file / registry content
lineage_02632,2,Image,1,process / file / registry content
lineage_02632,3,Image,1,process / file / registry content
lineage_02632,3,Image,1,process / file / registry content
lineage_02632,3,Image,1,process / file / registry content
lineage_02632,6,Image,1,process / file / registry content
lineage_02675,2,TargetFilename,1,process / file / registry content
lineage_03451,9,Image,1,process / file / registry content
lineage_03451,14,Image,1,process / file / registry content
lineage_03451,17,Image,1,process / file / registry content
lineage_03451,19,_raw,1,process / file / registry content
lineage_03451,22,Image,1,process / file / registry content
lineage_03451,24,Image,1,process / file / registry content
lineage_03451,25,Image,1,process / file / registry content
lineage_03451,28,Image,1,process / file / registry content
lineage_03451,30,Image,1,process / file / registry content
lineage_03451,30,Image,1,process / file / registry content
lineage_03451,30,Image,1,process / file / registry content
lineage_03451,30,Image,1,process / file / registry content
lineage_03451,30,Image,1,process / file / registry content
lineage_03451,30,Image,1,process / file / registry content
lineage_00933,6,Image,1,process / file / registry content
lineage_00933,6,TargetFilename,1,process / file / registry content
lineage_00933,6,TargetFilename,1,process / file / registry content
lineage_01489,2,Image,1,process / file / registry content
lineage_01489,4,Image,1,process / file / registry content
lineage_01489,10,Image,1,process / file / registry content
lineage_01489,10,TargetFileName,1,process / file / registry content
lineage_02396,10,Image,1,process / file / registry content
lineage_02396,12,Image,1,process / file / registry content
lineage_02396,12,TargetFilename,1,process / file / registry content
lineage_02396,15,Image,1,process / file / registry content
lineage_02396,15,TargetFilename,1,process / file / registry content
lineage_02396,16,Image,1,process / file / registry content
lineage_02396,18,Image,1,process / file / registry content
lineage_02396,18,TargetFilename,1,process / file / registry content
lineage_02396,18,TargetFilename,1,process / file / registry content
lineage_02396,20,Image,1,process / file / registry content
lineage_02396,24,TargetFilename,1,process / file / registry content
lineage_02396,26,Image,1,process / file / registry content
lineage_02396,27,Image,1,process / file / registry content
lineage_02396,27,TargetFilename,1,process / file / registry content
lineage_02396,29,TargetFilename,1,process / file / registry content
lineage_02396,30,TargetFilename,1,process / file / registry content
lineage_02396,30,Image,1,process / file / registry content
lineage_02396,31,TargetFilename,1,process / file / registry content
lineage_02396,32,Image,1,process / file / registry content
lineage_02396,32,TargetFilename,1,process / file / registry content
lineage_02396,32,TargetFilename,1,process / file / registry content
lineage_02396,34,TargetFilename,1,process / file / registry content
lineage_02396,35,Image,1,process / file / registry content
lineage_02396,35,Image,1,process / file / registry content
lineage_02396,40,Image,1,process / file / registry content
lineage_02396,40,TargetFilename,1,process / file / registry content
lineage_02396,40,Image,1,process / file / registry content
lineage_02396,40,TargetFilename,1,process / file / registry content
lineage_02396,40,Image,1,process / file / registry content
lineage_02396,43,Image,1,process / file / registry content
lineage_02396,43,TargetFilename,1,process / file / registry content
lineage_02396,43,Image,1,process / file / registry content
lineage_00103,8,AccessList,6,operation parameters
lineage_00103,15,Image,1,process / file / registry content
lineage_00103,15,TargetFilename,1,process / file / registry content
lineage_00103,16,TargetFilename,1,process / file / registry content
lineage_00103,21,Image,1,process / file / registry content
lineage_00103,21,Image,1,process / file / registry content
lineage_02582,12,TargetFilename,1,process / file / registry content
lineage_02582,12,TargetFilename,1,process / file / registry content
lineage_02582,12,TargetFilename,1,process / file / registry content
lineage_02582,15,TargetFilename,1,process / file / registry content
lineage_02582,15,TargetFilename,1,process / file / registry content
lineage_02582,15,TargetFilename,1,process / file / registry content
lineage_01985,3,TargetFilename,1,process / file / registry content
lineage_01985,6,TargetFilename,1,process / file / registry content
lineage_04382,5,CommandLine,1,process / file / registry content
lineage_04382,5,CommandLine,1,process / file / registry content
lineage_04382,5,Image,1,process / file / registry content
lineage_04382,5,ParentCommandLine,1,process / file / registry content
lineage_04382,5,ParentImage,1,process / file / registry content
lineage_03299,2,TargetFilename,1,process / file / registry content
lineage_03299,4,TargetFilename,1,process / file / registry content
lineage_03299,8,TargetFilename,1,process / file / registry content
lineage_03523,2,Image,1,process / file / registry content
lineage_03523,2,Image,1,process / file / registry content
lineage_03523,2,Image,1,process / file / registry content
lineage_03523,4,Image,1,process / file / registry content
lineage_03523,12,Image,1,process / file / registry content
lineage_03523,12,Image,1,process / file / registry content
lineage_03523,12,TargetFilename,1,process / file / registry content
lineage_00050,6,Image,1,process / file / registry content
lineage_00050,6,Image,1,process / file / registry content
lineage_00022,16,TargetFilename,1,process / file / registry content
lineage_00022,16,TargetFilename,1,process / file / registry content
lineage_00022,16,TargetFilename,1,process / file / registry content
lineage_00022,16,TargetFilename,1,process / file / registry content
lineage_00022,18,Image,1,process / file / registry content
lineage_00022,18,TargetFilename,1,process / file / registry content
lineage_00022,18,TargetFilename,1,process / file / registry content
lineage_00022,18,TargetFilename,1,process / file / registry content
lineage_00022,18,TargetFilename,1,process / file / registry content
lineage_00022,28,TargetFilename,1,process / file / registry content
lineage_01585,2,TargetFilename,1,process / file / registry content
lineage_01585,10,Image,1,process / file / registry content
lineage_01585,10,Image,1,process / file / registry content
lineage_01585,10,TargetFilename,1,process / file / registry content
lineage_02157,9,TargetFilename,1,process / file / registry content
lineage_02157,9,TargetFilename,1,process / file / registry content
lineage_02157,15,Image,1,process / file / registry content
lineage_02157,15,TargetFilename,1,process / file / registry content
lineage_02157,15,TargetFilename,1,process / file / registry content
lineage_02157,15,TargetFilename,1,process / file / registry content
lineage_01420,2,TargetFilename,1,process / file / registry content
lineage_01420,6,TargetFilename,1,process / file / registry content
lineage_01420,7,TargetFilename,1,process / file / registry content
lineage_01420,7,TargetFilename,1,process / file / registry content
lineage_01420,7,TargetFilename,1,process / file / registry content
lineage_01420,7,TargetFilename,1,process / file / registry content
lineage_03532,2,Image,1,process / file / registry content
lineage_03532,3,Image,1,process / file / registry content
lineage_03532,6,Image,1,process / file / registry content
lineage_03123,2,Image,1,process / file / registry content
lineage_03123,3,Image,1,process / file / registry content
lineage_03123,4,Image,1,process / file / registry content
lineage_03123,7,Image,1,process / file / registry content
lineage_03123,7,Image,1,process / file / registry content
lineage_03123,7,Image,1,process / file / registry content
lineage_03123,7,Image,1,process / file / registry content
lineage_00392,12,Image,1,process / file / registry content
lineage_00392,12,TargetFilename,1,process / file / registry content
lineage_00392,12,TargetFilename,1,process / file / registry content
lineage_00392,13,TargetFilename,1,process / file / registry content
lineage_00392,13,TargetFilename,1,process / file / registry content
lineage_00392,14,Image,1,process / file / registry content
lineage_00392,14,TargetFilename,1,process / file / registry content
lineage_00392,14,TargetFilename,1,process / file / registry content
lineage_00392,14,TargetFilename,1,process / file / registry content
lineage_00392,14,TargetFilename,1,process / file / registry content
lineage_00392,14,TargetFilename,1,process / file / registry content
lineage_00392,16,TargetFilename,1,process / file / registry content
lineage_00392,16,TargetFilename,1,process / file / registry content
lineage_00392,17,Image,1,process / file / registry content
lineage_00392,17,TargetFilename,1,process / file / registry content
lineage_01812,9,Image,1,process / file / registry content
lineage_01812,11,TargetFilename,1,process / file / registry content
lineage_01812,17,Image,1,process / file / registry content
lineage_01812,17,TargetFilename,1,process / file / registry content
lineage_01812,19,Image,1,process / file / registry content
lineage_01812,19,TargetFilename,1,process / file / registry content
lineage_03092,2,Image,1,process / file / registry content
lineage_03092,2,Image,1,process / file / registry content
lineage_03092,2,Image,1,process / file / registry content
lineage_03092,2,TargetFilename,1,process / file / registry content
lineage_03092,2,Image,1,process / file / registry content
lineage_03092,4,Image,1,process / file / registry content
lineage_03092,5,Image,1,process / file / registry content
lineage_03092,5,Image,1,process / file / registry content
lineage_03092,6,TargetFilename,1,process / file / registry content
lineage_03092,8,TargetFilename,1,process / file / registry content
lineage_03092,10,Image,1,process / file / registry content
lineage_03092,11,Image,1,process / file / registry content
lineage_03092,15,Image,1,process / file / registry content
lineage_03092,15,Image,1,process / file / registry content
lineage_03092,15,TargetFilename,1,process / file / registry content
lineage_03092,15,TargetFilename,1,process / file / registry content
lineage_03092,16,Image,1,process / file / registry content
lineage_03092,16,Image,1,process / file / registry content
lineage_03092,16,TargetFileName,1,process / file / registry content
lineage_03092,16,Image,1,process / file / registry content
lineage_03092,16,Image,1,process / file / registry content
lineage_03092,16,TargetFileName,1,process / file / registry content
lineage_03092,16,TargetFilename,1,process / file / registry content
lineage_03092,16,Image,1,process / file / registry content
lineage_03092,16,TargetFileName,1,process / file / registry content
lineage_03092,16,TargetFileName,1,process / file / registry content
lineage_03092,20,Image,1,process / file / registry content
lineage_03092,20,Image,1,process / file / registry content
lineage_03092,20,TargetFilename,1,process / file / registry content
lineage_03092,21,Image,1,process / file / registry content
lineage_03092,21,TargetFilename,1,process / file / registry content
lineage_03092,22,TargetFilename,1,process / file / registry content
lineage_03092,27,Image,1,process / file / registry content
lineage_03092,27,TargetFilename,1,process / file / registry content
lineage_03092,27,Image,1,process / file / registry content
lineage_03092,27,TargetFilename,1,process / file / registry content
lineage_03092,27,Image,1,process / file / registry content
lineage_03092,27,TargetFilename,1,process / file / registry content
lineage_03092,27,Image,1,process / file / registry content
lineage_03092,27,TargetFilename,1,process / file / registry content
lineage_03092,27,Image,1,process / file / registry content
lineage_03092,27,Image,1,process / file / registry content
lineage_03092,27,Image,1,process / file / registry content
lineage_03092,27,Image,1,process / file / registry content
lineage_03092,27,Image,1,process / file / registry content
lineage_03092,27,Image,1,process / file / registry content
lineage_03092,27,Image,1,process / file / registry content
lineage_03092,27,TargetFilename,1,process / file / registry content
lineage_03092,27,TargetFilename,1,process / file / registry content
lineage_03092,27,TargetFilename,1,process / file / registry content
lineage_03092,27,Image,1,process / file / registry content
lineage_03092,27,TargetFilename,1,process / file / registry content
lineage_03092,27,Image,1,process / file / registry content
lineage_03092,27,TargetFilename,1,process / file / registry content
lineage_03092,27,Image,1,process / file / registry content
lineage_03092,27,TargetFilename,1,process / file / registry content
lineage_03092,31,Image,1,process / file / registry content
lineage_02705,13,TargetFilename,1,process / file / registry content
lineage_04244,3,TargetFilename,1,process / file / registry content
lineage_04244,4,Image,1,process / file / registry content
lineage_04244,4,TargetFilename,1,process / file / registry content
lineage_04244,4,Image,1,process / file / registry content
lineage_04244,4,TargetFilename,1,process / file / registry content
lineage_04244,4,Image,1,process / file / registry content
lineage_04244,4,TargetFilename,1,process / file / registry content
lineage_04244,4,TargetFilename,1,process / file / registry content
lineage_04244,5,Image,1,process / file / registry content
lineage_04244,5,TargetFilename,1,process / file / registry content
lineage_04244,5,TargetFilename,1,process / file / registry content
lineage_04678,2,Image,1,process / file / registry content
lineage_04678,3,Image,1,process / file / registry content
lineage_04381,2,Image,1,process / file / registry content
lineage_02869,2,Image,1,process / file / registry content
lineage_00856,9,TargetFilename,1,process / file / registry content
lineage_00856,21,Image,1,process / file / registry content
lineage_00856,26,TargetFilename,1,process / file / registry content
lineage_03456,7,TargetFilename,1,process / file / registry content
lineage_03456,9,TargetFilename,1,process / file / registry content
lineage_02755,3,OriginalFilename,1,process / file / registry content
lineage_02755,4,OriginalFilename,1,process / file / registry content
lineage_02755,4,OriginalFilename,1,process / file / registry content
lineage_02755,5,OriginalFilename,1,process / file / registry content
lineage_02755,6,Image,1,process / file / registry content
lineage_02755,6,Image,1,process / file / registry content
lineage_02755,6,OriginalFilename,1,process / file / registry content
lineage_02755,7,OriginalFilename,1,process / file / registry content
lineage_02755,14,Image,1,process / file / registry content
lineage_02755,15,TargetFilename,1,process / file / registry content
lineage_02755,18,OriginalFilename,1,process / file / registry content
lineage_02755,19,Image,1,process / file / registry content
lineage_02755,26,Image,1,process / file / registry content
lineage_02755,26,Image,1,process / file / registry content
lineage_02755,26,Image,1,process / file / registry content
lineage_02755,26,SourceFilename,1,process / file / registry content
lineage_02755,26,SourceFilename,1,process / file / registry content
lineage_02755,26,TargetFilename,1,process / file / registry content
lineage_02755,26,SourceFilename,1,process / file / registry content
lineage_02755,28,Image,1,process / file / registry content
lineage_02755,28,Image,1,process / file / registry content
lineage_02755,28,Image,1,process / file / registry content
lineage_02755,28,SourceFilename,1,process / file / registry content
lineage_02755,28,SourceFilename,1,process / file / registry content
lineage_02755,28,TargetFilename,1,process / file / registry content
lineage_02755,28,SourceFilename,1,process / file / registry content
lineage_02755,30,Image,1,process / file / registry content
lineage_02755,30,Image,1,process / file / registry content
lineage_02755,30,Image,1,process / file / registry content
lineage_02755,30,SourceFilename,1,process / file / registry content
lineage_02755,30,SourceFilename,1,process / file / registry content
lineage_02755,30,TargetFilename,1,process / file / registry content
lineage_02755,30,SourceFilename,1,process / file / registry content
lineage_03025,3,TargetFilename,1,process / file / registry content
lineage_03025,12,TargetFilename,1,process / file / registry content
lineage_03025,13,TargetFilename,1,process / file / registry content
lineage_03025,13,TargetFilename,1,process / file / registry content
lineage_02133,12,Image,1,process / file / registry content
lineage_02133,13,Image,1,process / file / registry content
lineage_02133,14,Image,1,process / file / registry content
lineage_02133,15,Image,1,process / file / registry content
lineage_02133,19,Provider_Name,4,system-assigned
lineage_02133,21,Image,1,process / file / registry content
lineage_00620,2,Image,1,process / file / registry content
lineage_00620,8,Image,1,process / file / registry content
lineage_02306,10,Image,1,process / file / registry content
lineage_02306,11,Image,1,process / file / registry content
lineage_02306,12,Image,1,process / file / registry content
lineage_02306,12,Image,1,process / file / registry content
lineage_02306,14,Image,1,process / file / registry content
lineage_02306,18,CommandLine,1,process / file / registry content
lineage_02306,22,Image,1,process / file / registry content
lineage_02306,22,Image,1,process / file / registry content
lineage_02306,22,Image,1,process / file / registry content
lineage_02306,22,Image,1,process / file / registry content
lineage_02306,22,Image,1,process / file / registry content
lineage_02306,22,Image,1,process / file / registry content
lineage_02306,22,Image,1,process / file / registry content
lineage_02306,22,Image,1,process / file / registry content
lineage_02306,22,Image,1,process / file / registry content
lineage_02306,23,Image,1,process / file / registry content
lineage_02306,23,Image,1,process / file / registry content
lineage_02306,23,Image,1,process / file / registry content
lineage_01902,5,Image,1,process / file / registry content
lineage_01902,6,Image,1,process / file / registry content
lineage_01902,8,Image,1,process / file / registry content
lineage_01902,9,Image,1,process / file / registry content
lineage_01902,9,Image,1,process / file / registry content
lineage_01902,11,Image,1,process / file / registry content
lineage_01902,11,Image,1,process / file / registry content
lineage_01902,12,Image,1,process / file / registry content
lineage_01902,13,Image,1,process / file / registry content
lineage_01902,16,Image,1,process / file / registry content
lineage_01902,19,Image,1,process / file / registry content
lineage_01902,19,Image,1,process / file / registry content
lineage_01902,19,Image,1,process / file / registry content
lineage_01902,19,Image,1,process / file / registry content
lineage_01902,20,Image,1,process / file / registry content
lineage_01902,20,Image,1,process / file / registry content
lineage_01902,20,Image,1,process / file / registry content
lineage_01902,20,Image,1,process / file / registry content
lineage_01902,21,Image,1,process / file / registry content
lineage_01902,22,Image,1,process / file / registry content
lineage_01902,23,CommandLine,1,process / file / registry content
lineage_01902,23,Provider_Name,4,system-assigned
lineage_01902,25,Image,1,process / file / registry content
lineage_01902,34,Image,1,process / file / registry content
lineage_02265,17,Signed,1,process / file / registry content
lineage_02265,17,CommandLine,1,process / file / registry content
lineage_02265,21,CommandLine,1,process / file / registry content
lineage_02265,23,CommandLine,1,process / file / registry content
lineage_02265,25,CommandLine,1,process / file / registry content
lineage_02265,26,CommandLine,1,process / file / registry content
lineage_02265,28,CommandLine,1,process / file / registry content
lineage_02265,35,CommandLine,1,process / file / registry content
lineage_02265,35,CommandLine,1,process / file / registry content
lineage_02265,44,CommandLine,1,process / file / registry content
lineage_02265,44,CommandLine,1,process / file / registry content
lineage_02265,44,Image,1,process / file / registry content
lineage_02265,44,CommandLine,1,process / file / registry content
lineage_02265,44,Image,1,process / file / registry content
lineage_03162,5,Image,1,process / file / registry content
lineage_03162,5,Image,1,process / file / registry content
lineage_03162,5,Image,1,process / file / registry content
lineage_03162,5,Image,1,process / file / registry content
lineage_03162,5,Image,1,process / file / registry content
lineage_01336,5,Image,1,process / file / registry content
lineage_01336,6,Image,1,process / file / registry content
lineage_01336,7,Image,1,process / file / registry content
lineage_01336,8,Image,1,process / file / registry content
lineage_01336,10,Image,1,process / file / registry content
lineage_01336,10,Image,1,process / file / registry content
lineage_01336,11,Image,1,process / file / registry content
lineage_01336,12,Image,1,process / file / registry content
lineage_01336,14,Image,1,process / file / registry content
lineage_01336,14,Image,1,process / file / registry content
lineage_01336,14,Image,1,process / file / registry content
lineage_01336,20,Image,1,process / file / registry content
lineage_01336,20,Image,1,process / file / registry content
lineage_01336,20,Image,1,process / file / registry content
lineage_03018,6,Image,1,process / file / registry content
lineage_03018,11,Image,1,process / file / registry content
lineage_03018,14,Image,1,process / file / registry content
lineage_03018,15,Image,1,process / file / registry content
lineage_03018,20,Image,1,process / file / registry content
lineage_03018,22,Image,1,process / file / registry content
lineage_03018,23,Image,1,process / file / registry content
lineage_03018,24,Image,1,process / file / registry content
lineage_03018,24,Image,1,process / file / registry content
lineage_03018,26,Image,1,process / file / registry content
lineage_03018,27,Image,1,process / file / registry content
lineage_03018,27,Image,1,process / file / registry content
lineage_03018,30,Image,1,process / file / registry content
lineage_03018,31,Image,1,process / file / registry content
lineage_03018,33,Provider_Name,4,system-assigned
lineage_03018,39,Image,1,process / file / registry content
lineage_03018,39,Image,1,process / file / registry content
lineage_03018,39,Image,1,process / file / registry content
lineage_03018,39,Image,1,process / file / registry content
lineage_03018,39,Image,1,process / file / registry content
lineage_03018,39,Image,1,process / file / registry content
lineage_03018,39,Image,1,process / file / registry content
lineage_03018,39,Image,1,process / file / registry content
lineage_03018,42,Image,1,process / file / registry content
lineage_03018,42,Image,1,process / file / registry content
lineage_03018,42,Image,1,process / file / registry content
lineage_03018,45,Image,1,process / file / registry content
lineage_03018,46,Image,1,process / file / registry content
lineage_03018,46,Image,1,process / file / registry content
lineage_03018,46,Image,1,process / file / registry content
lineage_03018,46,Image,1,process / file / registry content
lineage_03018,46,Image,1,process / file / registry content
lineage_03018,46,Image,1,process / file / registry content
lineage_03018,46,Image,1,process / file / registry content
lineage_03018,46,Image,1,process / file / registry content
lineage_03018,46,Image,1,process / file / registry content
lineage_03018,46,Image,1,process / file / registry content
lineage_02731,3,Image,1,process / file / registry content
lineage_02731,4,Image,1,process / file / registry content
lineage_02731,7,Image,1,process / file / registry content
lineage_02731,8,Image,1,process / file / registry content
lineage_02731,11,Image,1,process / file / registry content
lineage_02731,13,CommandLine,1,process / file / registry content
lineage_02731,13,CommandLine,1,process / file / registry content
lineage_02731,15,Image,1,process / file / registry content
lineage_02731,16,Image,1,process / file / registry content
lineage_02731,16,Image,1,process / file / registry content
lineage_02731,16,Image,1,process / file / registry content
lineage_02731,17,Image,1,process / file / registry content
lineage_02731,19,Image,1,process / file / registry content
lineage_02731,22,Image,1,process / file / registry content
lineage_02731,24,Image,1,process / file / registry content
lineage_02185,2,Image,1,process / file / registry content
lineage_02185,4,Image,1,process / file / registry content
lineage_02185,6,Image,1,process / file / registry content
lineage_02185,6,Image,1,process / file / registry content
lineage_02185,6,Image,1,process / file / registry content
lineage_02185,7,Image,1,process / file / registry content
lineage_02185,8,Image,1,process / file / registry content
lineage_02185,9,Image,1,process / file / registry content
lineage_02185,14,Image,1,process / file / registry content
lineage_02185,14,Image,1,process / file / registry content
lineage_01780,2,Image,1,process / file / registry content
lineage_01780,3,Image,1,process / file / registry content
lineage_01780,4,Image,1,process / file / registry content
lineage_01780,8,Image,1,process / file / registry content
lineage_01780,9,Image,1,process / file / registry content
lineage_01780,9,Image,1,process / file / registry content
lineage_01780,11,Image,1,process / file / registry content
lineage_00326,3,Image,1,process / file / registry content
lineage_00326,3,Image,1,process / file / registry content
lineage_00326,3,Image,1,process / file / registry content
lineage_00411,6,ImageLoaded,1,process / file / registry content
lineage_00411,7,Image,1,process / file / registry content
lineage_00411,7,ImageLoaded,1,process / file / registry content
lineage_00411,7,ImageLoaded,1,process / file / registry content
lineage_00411,17,ImageLoaded,1,process / file / registry content
lineage_00411,17,ImageLoaded,1,process / file / registry content
lineage_00411,17,ImageLoaded,1,process / file / registry content
lineage_04642,4,ImageLoaded,1,process / file / registry content
lineage_00306,5,ImageLoaded,1,process / file / registry content
lineage_00306,10,ImageLoaded,1,process / file / registry content
lineage_00306,10,ImageLoaded,1,process / file / registry content
lineage_02981,7,ImageLoaded,1,process / file / registry content
lineage_02981,7,ImageLoaded,1,process / file / registry content
lineage_02981,12,ImageLoaded,1,process / file / registry content
lineage_02981,12,ImageLoaded,1,process / file / registry content
lineage_03007,3,ImageLoaded,1,process / file / registry content
lineage_03538,3,Image,1,process / file / registry content
lineage_04100,2,ImageLoaded,1,process / file / registry content
lineage_04100,2,ImageLoaded,1,process / file / registry content
lineage_04100,4,ImageLoaded,1,process / file / registry content
lineage_04100,4,User,3,account identity
lineage_04100,4,ImageLoaded,1,process / file / registry content
lineage_04100,7,Image,1,process / file / registry content
lineage_04100,7,ImageLoaded,1,process / file / registry content
lineage_04100,9,Image,1,process / file / registry content
lineage_04100,9,ImageLoaded,1,process / file / registry content
lineage_04100,12,Image,1,process / file / registry content
lineage_04100,12,ImageLoaded,1,process / file / registry content
lineage_04100,12,ImageLoaded,1,process / file / registry content
lineage_04100,13,Image,1,process / file / registry content
lineage_04100,13,Image,1,process / file / registry content
lineage_04100,13,ImageLoaded,1,process / file / registry content
lineage_04100,15,Image,1,process / file / registry content
lineage_04100,15,ImageLoaded,1,process / file / registry content
lineage_04100,15,Image,1,process / file / registry content
lineage_04100,16,Image,1,process / file / registry content
lineage_04100,23,Image,1,process / file / registry content
lineage_04100,23,Image,1,process / file / registry content
lineage_04100,26,Image,1,process / file / registry content
lineage_04100,26,ImageLoaded,1,process / file / registry content
lineage_04100,27,Image,1,process / file / registry content
lineage_04100,27,ImageLoaded,1,process / file / registry content
lineage_04100,28,Image,1,process / file / registry content
lineage_04100,28,Image,1,process / file / registry content
lineage_04100,32,Image,1,process / file / registry content
lineage_04100,32,ImageLoaded,1,process / file / registry content
lineage_04100,32,Image,1,process / file / registry content
lineage_04100,32,Image,1,process / file / registry content
lineage_04100,32,ImageLoaded,1,process / file / registry content
lineage_04100,32,Image,1,process / file / registry content
lineage_04100,32,ImageLoaded,1,process / file / registry content
lineage_04100,32,ImageLoaded,1,process / file / registry content
lineage_04100,32,ImageLoaded,1,process / file / registry content
lineage_04100,32,ImageLoaded,1,process / file / registry content
lineage_04100,32,ImageLoaded,1,process / file / registry content
lineage_04100,32,ImageLoaded,1,process / file / registry content
lineage_04100,32,ImageLoaded,1,process / file / registry content
lineage_04100,32,ImageLoaded,1,process / file / registry content
lineage_04100,32,ImageLoaded,1,process / file / registry content
lineage_04100,32,ImageLoaded,1,process / file / registry content
lineage_04100,33,Image,1,process / file / registry content
lineage_04100,33,ImageLoaded,1,process / file / registry content
lineage_04100,33,Image,1,process / file / registry content
lineage_04100,33,Image,1,process / file / registry content
lineage_04100,33,ImageLoaded,1,process / file / registry content
lineage_04100,33,ImageLoaded,1,process / file / registry content
lineage_04100,33,ImageLoaded,1,process / file / registry content
lineage_04100,33,ImageLoaded,1,process / file / registry content
lineage_04100,33,ImageLoaded,1,process / file / registry content
lineage_04100,33,ImageLoaded,1,process / file / registry content
lineage_04100,33,ImageLoaded,1,process / file / registry content
lineage_04100,33,ImageLoaded,1,process / file / registry content
lineage_04100,37,ImageLoaded,1,process / file / registry content
lineage_04100,38,Image,1,process / file / registry content
lineage_04100,38,Image,1,process / file / registry content
lineage_04100,38,ImageLoaded,1,process / file / registry content
lineage_03145,7,Image,1,process / file / registry content
lineage_03145,7,Image,1,process / file / registry content
lineage_03145,7,ImageLoaded,1,process / file / registry content
lineage_04395,2,ImageLoaded,1,process / file / registry content
lineage_04191,5,ImageLoaded,1,process / file / registry content
lineage_04362,9,SignatureStatus,1,process / file / registry content
lineage_01638,4,ImageLoaded,1,process / file / registry content
lineage_01638,4,ImageLoaded,1,process / file / registry content
lineage_01638,4,ImageLoaded,1,process / file / registry content
lineage_02859,2,Image,1,process / file / registry content
lineage_02859,2,ImageLoaded,1,process / file / registry content
lineage_01178,2,ImageLoaded,1,process / file / registry content
lineage_01178,8,ImageLoaded,1,process / file / registry content
lineage_01178,8,ImageLoaded,1,process / file / registry content
lineage_02668,4,ImageLoaded,1,process / file / registry content
lineage_02668,8,Image,1,process / file / registry content
lineage_04115,2,Image,1,process / file / registry content
lineage_04115,2,Image,1,process / file / registry content
lineage_01555,5,ImageLoaded,1,process / file / registry content
lineage_01555,6,ImageLoaded,1,process / file / registry content
lineage_01555,8,Image,1,process / file / registry content
lineage_01555,8,ImageLoaded,1,process / file / registry content
lineage_01555,9,ImageLoaded,1,process / file / registry content
lineage_01555,10,Image,1,process / file / registry content
lineage_01555,10,ImageLoaded,1,process / file / registry content
lineage_01555,12,Image,1,process / file / registry content
lineage_01555,12,ImageLoaded,1,process / file / registry content
lineage_01555,13,Image,1,process / file / registry content
lineage_01555,13,Image,1,process / file / registry content
lineage_01555,13,ImageLoaded,1,process / file / registry content
lineage_01555,15,CommandLine,1,process / file / registry content
lineage_01555,15,CommandLine,1,process / file / registry content
lineage_01555,15,Image,1,process / file / registry content
lineage_00997,6,Image,1,process / file / registry content
lineage_00997,7,Image,1,process / file / registry content
lineage_00997,10,Image,1,process / file / registry content
lineage_00997,12,ImageName,1,process / file / registry content
lineage_00997,12,Provider_Name,4,system-assigned
lineage_00998,2,SignatureStatus,1,process / file / registry content
lineage_00998,2,Signed,1,process / file / registry content
lineage_00998,5,SignatureStatus,1,process / file / registry content
lineage_00998,6,Image,1,process / file / registry content
lineage_00998,6,ImageLoaded,1,process / file / registry content
lineage_00998,6,Image,1,process / file / registry content
lineage_00998,6,Image,1,process / file / registry content
lineage_00998,6,ImageLoaded,1,process / file / registry content
lineage_00998,6,ImageLoaded,1,process / file / registry content
lineage_00998,6,Image,1,process / file / registry content
lineage_00998,6,ImageLoaded,1,process / file / registry content
lineage_00998,6,ImageLoaded,1,process / file / registry content
lineage_02660,7,ImageLoaded,1,process / file / registry content
lineage_03036,7,Image,1,process / file / registry content
lineage_03036,9,Image,1,process / file / registry content
lineage_03036,10,Image,1,process / file / registry content
lineage_03036,11,Image,1,process / file / registry content
lineage_03036,16,Image,1,process / file / registry content
lineage_03036,17,Image,1,process / file / registry content
lineage_03036,22,Image,1,process / file / registry content
lineage_03036,24,Image,1,process / file / registry content
lineage_03036,25,Image,1,process / file / registry content
lineage_03036,26,Image,1,process / file / registry content
lineage_03036,27,Image,1,process / file / registry content
lineage_03036,29,Image,1,process / file / registry content
lineage_03036,29,Image,1,process / file / registry content
lineage_03036,30,Image,1,process / file / registry content
lineage_03036,32,Image,1,process / file / registry content
lineage_03036,33,Image,1,process / file / registry content
lineage_03036,40,Image,1,process / file / registry content
lineage_03036,41,Image,1,process / file / registry content
lineage_03036,41,Image,1,process / file / registry content
lineage_03036,41,Image,1,process / file / registry content
lineage_03036,41,Image,1,process / file / registry content
lineage_03036,41,Image,1,process / file / registry content
lineage_03036,41,Image,1,process / file / registry content
lineage_03036,41,Image,1,process / file / registry content
lineage_03036,46,Image,1,process / file / registry content
lineage_02928,5,CommandLine,1,process / file / registry content
lineage_02928,6,Image,1,process / file / registry content
lineage_02928,7,CommandLine,1,process / file / registry content
lineage_02928,9,CommandLine,1,process / file / registry content
lineage_02928,10,Image,1,process / file / registry content
lineage_02928,10,Image,1,process / file / registry content
lineage_02928,13,CommandLine,1,process / file / registry content
lineage_02928,14,Image,1,process / file / registry content
lineage_02928,15,Image,1,process / file / registry content
lineage_02928,16,CommandLine,1,process / file / registry content
lineage_02928,16,Image,1,process / file / registry content
lineage_02928,16,Image,1,process / file / registry content
lineage_02928,16,Image,1,process / file / registry content
lineage_02928,17,Image,1,process / file / registry content
lineage_02928,19,Image,1,process / file / registry content
lineage_02928,20,Image,1,process / file / registry content
lineage_02928,26,Image,1,process / file / registry content
lineage_02928,27,Image,1,process / file / registry content
lineage_02928,27,Image,1,process / file / registry content
lineage_00816,5,DestinationIp,2,network identity
lineage_00816,5,DestinationIp,2,network identity
lineage_00816,5,DestinationIp,2,network identity
lineage_00816,5,DestinationIp,2,network identity
lineage_00816,5,DestinationIp,2,network identity
lineage_00816,5,DestinationIp,2,network identity
lineage_00816,5,DestinationIp,2,network identity
lineage_00816,5,DestinationIp,2,network identity
lineage_04253,4,DestinationIp,2,network identity
lineage_04253,4,DestinationIp,2,network identity
lineage_04253,4,DestinationIp,2,network identity
lineage_04253,4,DestinationIp,2,network identity
lineage_04253,4,DestinationIp,2,network identity
lineage_04253,4,DestinationIp,2,network identity
lineage_04253,4,DestinationIp,2,network identity
lineage_04253,4,DestinationIp,2,network identity
lineage_01732,10,DestinationIp,2,network identity
lineage_01732,10,DestinationIp,2,network identity
lineage_01732,14,DestinationIp,2,network identity
lineage_01732,14,DestinationIp,2,network identity
lineage_01732,17,DestinationIp,2,network identity
lineage_01732,18,DestinationIp,2,network identity
lineage_01732,19,DestinationIp,2,network identity
lineage_01732,20,DestinationIp,2,network identity
lineage_01732,20,DestinationIp,2,network identity
lineage_01732,20,DestinationIp,2,network identity
lineage_01732,20,DestinationIp,2,network identity
lineage_01732,20,DestinationIp,2,network identity
lineage_01732,20,DestinationIp,2,network identity
lineage_01732,20,DestinationIp,2,network identity
lineage_01732,20,DestinationIp,2,network identity
lineage_01732,21,DestinationIp,2,network identity
lineage_01732,21,DestinationIp,2,network identity
lineage_01732,21,DestinationIp,2,network identity
lineage_01732,21,DestinationIp,2,network identity
lineage_01732,21,DestinationIp,2,network identity
lineage_01732,21,DestinationIp,2,network identity
lineage_01732,21,DestinationIp,2,network identity
lineage_01732,21,DestinationIp,2,network identity
lineage_01732,22,DestinationIp,2,network identity
lineage_03623,2,Image,1,process / file / registry content
lineage_03382,3,Image,1,process / file / registry content
lineage_03382,8,Image,1,process / file / registry content
lineage_03382,8,Image,1,process / file / registry content
lineage_03382,8,Image,1,process / file / registry content
lineage_03382,8,Image,1,process / file / registry content
lineage_03382,8,Image,1,process / file / registry content
lineage_03382,8,Image,1,process / file / registry content
lineage_03382,8,Image,1,process / file / registry content
lineage_03382,8,Image,1,process / file / registry content
lineage_03382,8,Image,1,process / file / registry content
lineage_03382,8,Image,1,process / file / registry content
lineage_03382,8,Image,1,process / file / registry content
lineage_03382,8,Image,1,process / file / registry content
lineage_03382,8,Image,1,process / file / registry content
lineage_03382,8,Image,1,process / file / registry content
lineage_03382,8,Image,1,process / file / registry content
lineage_03382,8,Image,1,process / file / registry content
lineage_03382,8,Image,1,process / file / registry content
lineage_03382,8,Image,1,process / file / registry content
lineage_03382,9,Image,1,process / file / registry content
lineage_03382,9,Image,1,process / file / registry content
lineage_03382,9,Image,1,process / file / registry content
lineage_03382,9,Image,1,process / file / registry content
lineage_03382,9,Image,1,process / file / registry content
lineage_03382,9,Image,1,process / file / registry content
lineage_03382,9,Image,1,process / file / registry content
lineage_03382,9,Image,1,process / file / registry content
lineage_03382,9,Image,1,process / file / registry content
lineage_03382,9,Image,1,process / file / registry content
lineage_03382,9,Image,1,process / file / registry content
lineage_03382,9,Image,1,process / file / registry content
lineage_03382,9,Image,1,process / file / registry content
lineage_03382,9,Image,1,process / file / registry content
lineage_03382,9,Image,1,process / file / registry content
lineage_03382,9,Image,1,process / file / registry content
lineage_03382,9,Image,1,process / file / registry content
lineage_03382,9,Image,1,process / file / registry content
lineage_03382,9,Image,1,process / file / registry content
lineage_03382,9,Image,1,process / file / registry content
lineage_03382,9,Image,1,process / file / registry content
lineage_03382,9,Image,1,process / file / registry content
lineage_03382,9,Image,1,process / file / registry content
lineage_03382,9,Image,1,process / file / registry content
lineage_03382,9,Image,1,process / file / registry content
lineage_03382,9,Image,1,process / file / registry content
lineage_03382,9,Image,1,process / file / registry content
lineage_03382,9,Image,1,process / file / registry content
lineage_03382,9,Image,1,process / file / registry content
lineage_03382,9,Image,1,process / file / registry content
lineage_03382,9,Image,1,process / file / registry content
lineage_03382,9,Image,1,process / file / registry content
lineage_03382,9,Image,1,process / file / registry content
lineage_03382,9,Image,1,process / file / registry content
lineage_03382,9,Image,1,process / file / registry content
lineage_03382,9,Image,1,process / file / registry content
lineage_03382,9,Image,1,process / file / registry content
lineage_03382,12,Image,1,process / file / registry content
lineage_03382,12,Image,1,process / file / registry content
lineage_03382,12,Image,1,process / file / registry content
lineage_03382,13,DestinationHostname,2,network identity
lineage_03382,13,DestinationHostname,2,network identity
lineage_03382,13,DestinationHostname,2,network identity
lineage_03382,13,DestinationHostname,2,network identity
lineage_03382,13,DestinationHostname,2,network identity
lineage_03382,13,DestinationHostname,2,network identity
lineage_03382,13,Image,1,process / file / registry content
lineage_03382,17,Image,1,process / file / registry content
lineage_03382,17,Image,1,process / file / registry content
lineage_03382,17,DestinationHostname,2,network identity
lineage_03382,17,Image,1,process / file / registry content
lineage_03382,17,DestinationHostname,2,network identity
lineage_03382,17,Image,1,process / file / registry content
lineage_03382,17,Image,1,process / file / registry content
lineage_03382,17,Image,1,process / file / registry content
lineage_03382,19,Image,1,process / file / registry content
lineage_00338,2,Image,1,process / file / registry content
lineage_03144,3,DestinationPort,2,network identity
lineage_02760,14,DestinationIp,2,network identity
lineage_02760,14,DestinationIp,2,network identity
lineage_02760,15,DestinationIp,2,network identity
lineage_02760,15,DestinationIp,2,network identity
lineage_02760,15,DestinationIp,2,network identity
lineage_02760,15,DestinationIp,2,network identity
lineage_02760,15,DestinationIp,2,network identity
lineage_02760,15,DestinationIp,2,network identity
lineage_02760,15,DestinationIp,2,network identity
lineage_02760,16,DestinationIp,2,network identity
lineage_02760,16,DestinationIp,2,network identity
lineage_02760,16,DestinationIp,2,network identity
lineage_02760,16,DestinationIp,2,network identity
lineage_02760,16,DestinationIp,2,network identity
lineage_02760,16,DestinationIp,2,network identity
lineage_02760,16,DestinationIp,2,network identity
lineage_02760,16,DestinationIp,2,network identity
lineage_02760,17,DestinationIp,2,network identity
lineage_02760,17,DestinationPort,2,network identity
lineage_02760,17,Protocol,6,operation parameters
lineage_02760,17,DestinationIp,2,network identity
lineage_02760,17,DestinationPort,2,network identity
lineage_02760,17,DestinationIp,2,network identity
lineage_02760,17,DestinationPort,2,network identity
lineage_02760,17,DestinationIp,2,network identity
lineage_02760,17,DestinationIp,2,network identity
lineage_02760,17,DestinationIp,2,network identity
lineage_02760,17,DestinationPort,2,network identity
lineage_02760,17,DestinationIp,2,network identity
lineage_02760,17,DestinationIp,2,network identity
lineage_02760,17,DestinationIp,2,network identity
lineage_02760,17,DestinationIp,2,network identity
lineage_02760,17,DestinationIp,2,network identity
lineage_02760,17,DestinationIp,2,network identity
lineage_02760,17,DestinationIp,2,network identity
lineage_02760,17,DestinationIp,2,network identity
lineage_02760,17,DestinationIp,2,network identity
lineage_02760,17,DestinationIp,2,network identity
lineage_02760,17,DestinationIp,2,network identity
lineage_02760,17,DestinationIp,2,network identity
lineage_02760,17,DestinationIp,2,network identity
lineage_02760,17,DestinationIp,2,network identity
lineage_02760,17,DestinationIp,2,network identity
lineage_02760,17,DestinationIp,2,network identity
lineage_02760,17,DestinationIp,2,network identity
lineage_02760,17,DestinationIp,2,network identity
lineage_02760,17,DestinationIp,2,network identity
lineage_02760,17,DestinationIp,2,network identity
lineage_02760,17,DestinationIp,2,network identity
lineage_02760,17,DestinationIp,2,network identity
lineage_02760,17,DestinationIp,2,network identity
lineage_02760,17,DestinationIp,2,network identity
lineage_02760,17,DestinationIp,2,network identity
lineage_02760,17,DestinationIp,2,network identity
lineage_02760,17,DestinationIp,2,network identity
lineage_02760,17,DestinationIp,2,network identity
lineage_02760,17,DestinationIp,2,network identity
lineage_02760,17,DestinationIp,2,network identity
lineage_02760,17,DestinationIp,2,network identity
lineage_02760,17,DestinationIp,2,network identity
lineage_02760,17,DestinationIp,2,network identity
lineage_02760,17,DestinationIp,2,network identity
lineage_02760,17,DestinationIp,2,network identity
lineage_02760,17,DestinationIp,2,network identity
lineage_02760,17,DestinationIp,2,network identity
lineage_02760,17,DestinationIp,2,network identity
lineage_02760,17,DestinationIp,2,network identity
lineage_02760,17,DestinationIp,2,network identity
lineage_02760,17,DestinationIp,2,network identity
lineage_02760,17,DestinationIp,2,network identity
lineage_02760,17,DestinationIp,2,network identity
lineage_02760,17,DestinationIp,2,network identity
lineage_02760,17,DestinationIp,2,network identity
lineage_02760,17,DestinationIp,2,network identity
lineage_02760,17,DestinationIp,2,network identity
lineage_02760,17,DestinationIp,2,network identity
lineage_02760,17,DestinationIp,2,network identity
lineage_02760,17,DestinationIp,2,network identity
lineage_02760,17,DestinationIp,2,network identity
lineage_02760,17,DestinationIp,2,network identity
lineage_02760,17,DestinationIp,2,network identity
lineage_02760,17,DestinationIp,2,network identity
lineage_02760,17,DestinationIp,2,network identity
lineage_02760,17,DestinationIp,2,network identity
lineage_02760,17,DestinationIp,2,network identity
lineage_02760,17,DestinationIp,2,network identity
lineage_02760,17,DestinationIp,2,network identity
lineage_02760,17,DestinationIp,2,network identity
lineage_02760,17,DestinationIp,2,network identity
lineage_02760,17,DestinationIp,2,network identity
lineage_02760,17,DestinationIp,2,network identity
lineage_02760,17,DestinationIp,2,network identity
lineage_02760,17,DestinationIp,2,network identity
lineage_02760,17,DestinationIp,2,network identity
lineage_02760,17,DestinationIp,2,network identity
lineage_02760,17,DestinationIp,2,network identity
lineage_02760,17,DestinationIp,2,network identity
lineage_02760,17,DestinationIp,2,network identity
lineage_02760,17,DestinationIp,2,network identity
lineage_02760,17,DestinationIp,2,network identity
lineage_02760,17,DestinationIp,2,network identity
lineage_02760,17,DestinationIp,2,network identity
lineage_02760,17,DestinationIp,2,network identity
lineage_02760,17,DestinationIp,2,network identity
lineage_02760,17,DestinationIp,2,network identity
lineage_02760,17,DestinationIp,2,network identity
lineage_02760,17,DestinationIp,2,network identity
lineage_02760,17,DestinationIp,2,network identity
lineage_02760,19,DestinationIp,2,network identity
lineage_02760,19,DestinationIp,2,network identity
lineage_02760,19,DestinationIp,2,network identity
lineage_02760,19,DestinationIp,2,network identity
lineage_02760,19,DestinationIp,2,network identity
lineage_02760,20,DestinationHostname,2,network identity
lineage_02760,20,DestinationIp,2,network identity
lineage_02760,20,DestinationIp,2,network identity
lineage_02760,20,DestinationIp,2,network identity
lineage_02760,20,DestinationIp,2,network identity
lineage_02760,20,DestinationIp,2,network identity
lineage_02760,20,DestinationIp,2,network identity
lineage_02760,20,DestinationIp,2,network identity
lineage_02760,20,DestinationIp,2,network identity
lineage_02760,20,DestinationIp,2,network identity
lineage_02760,20,DestinationIp,2,network identity
lineage_02760,20,DestinationIp,2,network identity
lineage_02760,20,DestinationIp,2,network identity
lineage_02760,20,DestinationIp,2,network identity
lineage_02760,20,DestinationIp,2,network identity
lineage_02760,20,DestinationIp,2,network identity
lineage_02760,20,DestinationIp,2,network identity
lineage_02760,20,DestinationIp,2,network identity
lineage_02760,20,DestinationIp,2,network identity
lineage_02760,20,DestinationIp,2,network identity
lineage_02956,2,DestinationPort,2,network identity
lineage_02956,5,DestinationPort,2,network identity
lineage_01143,2,DestinationIp,2,network identity
lineage_01143,2,DestinationIsIpv6,2,network identity
lineage_01143,3,User,3,account identity
lineage_01143,8,DestinationIp,2,network identity
lineage_01143,21,User,3,account identity
lineage_01143,26,User,3,account identity
lineage_01143,26,User,3,account identity
lineage_01143,33,DestinationIp,2,network identity
lineage_01143,33,DestinationIp,2,network identity
lineage_01143,37,DestinationIp,2,network identity
lineage_01143,37,DestinationIp,2,network identity
lineage_01143,37,DestinationIp,2,network identity
lineage_01143,37,DestinationIp,2,network identity
lineage_01143,37,DestinationIp,2,network identity
lineage_01143,37,DestinationIp,2,network identity
lineage_01143,37,DestinationIp,2,network identity
lineage_01143,37,DestinationIp,2,network identity
lineage_01143,37,DestinationIp,2,network identity
lineage_01143,37,DestinationIp,2,network identity
lineage_03619,5,CommandLine,1,process / file / registry content
lineage_03619,5,CommandLine,1,process / file / registry content
lineage_03619,5,ParentImage,1,process / file / registry content
lineage_03619,5,CommandLine,1,process / file / registry content
lineage_03619,5,ParentImage,1,process / file / registry content
lineage_03619,5,DestinationIp,2,network identity
lineage_03619,5,SourceIp,2,network identity
lineage_03619,14,CommandLine,1,process / file / registry content
lineage_03619,14,CommandLine,1,process / file / registry content
lineage_00976,7,Image,1,process / file / registry content
lineage_00976,18,Image,1,process / file / registry content
lineage_00976,20,Image,1,process / file / registry content
lineage_00976,22,Image,1,process / file / registry content
lineage_00976,25,Image,1,process / file / registry content
lineage_00976,27,Image,1,process / file / registry content
lineage_00976,28,Image,1,process / file / registry content
lineage_00976,30,Image,1,process / file / registry content
lineage_00976,30,Image,1,process / file / registry content
lineage_00976,31,Image,1,process / file / registry content
lineage_00976,32,Image,1,process / file / registry content
lineage_00976,32,Protocol,6,operation parameters
lineage_00976,32,SourcePort,2,network identity
lineage_00976,32,Image,1,process / file / registry content
lineage_00976,32,Image,1,process / file / registry content
lineage_00976,32,Image,1,process / file / registry content
lineage_00976,32,Image,1,process / file / registry content
lineage_00976,32,Image,1,process / file / registry content
lineage_00976,32,_raw,1,process / file / registry content
lineage_00976,32,_raw,1,process / file / registry content
lineage_00976,32,_raw,1,process / file / registry content
lineage_00976,32,_raw,1,process / file / registry content
lineage_00976,32,_raw,1,process / file / registry content
lineage_00976,32,_raw,1,process / file / registry content
lineage_00976,32,_raw,1,process / file / registry content
lineage_00976,32,_raw,1,process / file / registry content
lineage_00976,32,_raw,1,process / file / registry content
lineage_00976,32,_raw,1,process / file / registry content
lineage_00976,32,_raw,1,process / file / registry content
lineage_00976,32,_raw,1,process / file / registry content
lineage_00976,32,_raw,1,process / file / registry content
lineage_00976,32,_raw,1,process / file / registry content
lineage_00976,32,_raw,1,process / file / registry content
lineage_00976,32,Image,1,process / file / registry content
lineage_00976,33,Image,1,process / file / registry content
lineage_00976,35,Image,1,process / file / registry content
lineage_00976,35,Image,1,process / file / registry content
lineage_00976,35,Image,1,process / file / registry content
lineage_00976,35,Image,1,process / file / registry content
lineage_02044,2,Image,1,process / file / registry content
lineage_02044,2,Image,1,process / file / registry content
lineage_02044,2,Image,1,process / file / registry content
lineage_02044,2,Image,1,process / file / registry content
lineage_02044,2,Image,1,process / file / registry content
lineage_02044,2,Image,1,process / file / registry content
lineage_02044,2,Image,1,process / file / registry content
lineage_02044,2,Image,1,process / file / registry content
lineage_02044,2,Image,1,process / file / registry content
lineage_02044,2,Image,1,process / file / registry content
lineage_02044,2,Image,1,process / file / registry content
lineage_02044,2,Image,1,process / file / registry content
lineage_02044,2,Image,1,process / file / registry content
lineage_02044,2,Image,1,process / file / registry content
lineage_02044,2,Image,1,process / file / registry content
lineage_01939,6,DestinationIp,2,network identity
lineage_01939,19,CommandLine,1,process / file / registry content
lineage_01939,20,DestinationIp,2,network identity
lineage_01939,22,ParentImage,1,process / file / registry content
lineage_01939,22,RemoteAddress,2,network identity
lineage_01939,24,ParentImage,1,process / file / registry content
lineage_01939,24,RemoteAddress,2,network identity
lineage_01939,24,DestinationIp,2,network identity
lineage_01939,25,DestinationIp,2,network identity
lineage_01939,30,SourceHostname,2,network identity
lineage_01939,32,CommandLine,1,process / file / registry content
lineage_01939,32,DestinationIp,2,network identity
lineage_01939,32,DestinationIp,2,network identity
lineage_01939,32,DestinationIp,2,network identity
lineage_01939,32,DestinationIp,2,network identity
lineage_01939,32,DestinationIp,2,network identity
lineage_01939,32,DestinationIp,2,network identity
lineage_01939,32,DestinationIp,2,network identity
lineage_01939,32,DestinationIp,2,network identity
lineage_01939,32,DestinationIp,2,network identity
lineage_01939,32,DestinationIp,2,network identity
lineage_01939,32,DestinationIp,2,network identity
lineage_01939,33,DestinationIp,2,network identity
lineage_02757,3,Image,1,process / file / registry content
lineage_02757,6,Image,1,process / file / registry content
lineage_02757,7,Image,1,process / file / registry content
lineage_04082,20,Image,1,process / file / registry content
lineage_04082,32,DestinationHostname,2,network identity
lineage_04082,33,DestinationHostname,2,network identity
lineage_01843,6,DestinationIp,2,network identity
lineage_01843,6,DestinationIsIpv6,2,network identity
lineage_01843,28,Image,1,process / file / registry content
lineage_01843,30,DestinationIp,2,network identity
lineage_01843,30,DestinationIp,2,network identity
lineage_01843,30,DestinationIp,2,network identity
lineage_01843,30,DestinationIp,2,network identity
lineage_01843,30,DestinationIp,2,network identity
lineage_01843,30,DestinationIp,2,network identity
lineage_01843,30,DestinationIp,2,network identity
lineage_01843,30,Image,1,process / file / registry content
lineage_01843,31,DestinationIp,2,network identity
lineage_00712,2,DestinationIp,2,network identity
lineage_00712,2,DestinationIp,2,network identity
lineage_00712,2,DestinationIp,2,network identity
lineage_00712,2,DestinationIp,2,network identity
lineage_00712,2,DestinationIp,2,network identity
lineage_00712,2,DestinationIp,2,network identity
lineage_00712,2,DestinationIp,2,network identity
lineage_00712,2,Image,1,process / file / registry content
lineage_00712,3,DestinationIp,2,network identity
lineage_00115,15,Image,1,process / file / registry content
lineage_00115,22,Image,1,process / file / registry content
lineage_00115,22,Image,1,process / file / registry content
lineage_00115,22,Image,1,process / file / registry content
lineage_00115,22,Image,1,process / file / registry content
lineage_00852,6,DestinationIp,2,network identity
lineage_00852,6,DestinationIp,2,network identity
lineage_00852,6,DestinationIp,2,network identity
lineage_00852,6,DestinationIp,2,network identity
lineage_00852,6,DestinationIp,2,network identity
lineage_00852,6,DestinationIp,2,network identity
lineage_00852,6,DestinationIp,2,network identity
lineage_00852,7,DestinationIp,2,network identity
lineage_01850,2,Image,1,process / file / registry content
lineage_01850,6,Image,1,process / file / registry content
lineage_01850,6,Image,1,process / file / registry content
lineage_02006,18,User,3,account identity
lineage_02006,21,SourceIp,2,network identity
lineage_02006,23,Image,1,process / file / registry content
lineage_02006,24,DestinationIp,2,network identity
lineage_02006,24,SourceIp,2,network identity
lineage_02006,27,DestinationIp,2,network identity
lineage_02006,27,SourceIp,2,network identity
lineage_04083,6,DestinationIp,2,network identity
lineage_04083,6,DestinationIp,2,network identity
lineage_04083,6,DestinationIp,2,network identity
lineage_04083,6,DestinationIp,2,network identity
lineage_04083,6,DestinationIp,2,network identity
lineage_04083,6,DestinationIp,2,network identity
lineage_04083,6,DestinationIp,2,network identity
lineage_04083,7,DestinationIp,2,network identity
lineage_02562,5,DestinationPort,2,network identity
lineage_03320,2,DestinationIp,2,network identity
lineage_03320,2,DestinationIp,2,network identity
lineage_00628,8,CommandLine,1,process / file / registry content
lineage_00628,8,DestinationIp,2,network identity
lineage_00628,9,DestinationIp,2,network identity
lineage_00628,15,CommandLine,1,process / file / registry content
lineage_00628,15,CommandLine,1,process / file / registry content
lineage_00628,16,DestinationIp,2,network identity
lineage_00628,16,DestinationIp,2,network identity
lineage_00628,16,DestinationIp,2,network identity
lineage_00628,16,DestinationIp,2,network identity
lineage_00628,16,DestinationIp,2,network identity
lineage_00628,16,DestinationIp,2,network identity
lineage_00628,16,DestinationIp,2,network identity
lineage_00628,16,DestinationIp,2,network identity
lineage_00628,16,DestinationIp,2,network identity
lineage_00628,16,DestinationIp,2,network identity
lineage_00628,16,DestinationIp,2,network identity
lineage_00628,16,DestinationIp,2,network identity
lineage_00628,16,DestinationIp,2,network identity
lineage_00628,16,DestinationIp,2,network identity
lineage_00628,16,DestinationIp,2,network identity
lineage_03976,8,query,2,network identity
lineage_02222,3,Image,1,process / file / registry content
lineage_02222,10,Image,1,process / file / registry content
lineage_02222,11,Image,1,process / file / registry content
lineage_02351,19,Image,1,process / file / registry content
lineage_02351,19,PipeName,1,process / file / registry content
lineage_01374,6,PipeName,1,process / file / registry content
lineage_01374,13,PipeName,1,process / file / registry content
lineage_02643,9,Image,1,process / file / registry content
lineage_02643,19,Image,1,process / file / registry content
lineage_02643,20,Image,1,process / file / registry content
lineage_02643,22,Image,1,process / file / registry content
lineage_02643,23,Image,1,process / file / registry content
lineage_02643,24,Image,1,process / file / registry content
lineage_02643,25,Image,1,process / file / registry content
lineage_02643,25,Image,1,process / file / registry content
lineage_02643,25,Image,1,process / file / registry content
lineage_02643,25,Image,1,process / file / registry content
lineage_02643,27,Image,1,process / file / registry content
lineage_02643,27,Image,1,process / file / registry content
lineage_02643,27,Image,1,process / file / registry content
lineage_02643,27,Image,1,process / file / registry content
lineage_02643,27,Image,1,process / file / registry content
lineage_02643,27,_raw,1,process / file / registry content
lineage_02643,30,Image,1,process / file / registry content
lineage_02643,32,Image,1,process / file / registry content
lineage_02643,37,Image,1,process / file / registry content
lineage_02643,37,Image,1,process / file / registry content
lineage_02643,39,Image,1,process / file / registry content
lineage_02643,39,Image,1,process / file / registry content
lineage_02643,39,Image,1,process / file / registry content
lineage_02643,39,Image,1,process / file / registry content
lineage_02643,39,Image,1,process / file / registry content
lineage_02643,40,Image,1,process / file / registry content
lineage_02643,40,Image,1,process / file / registry content
lineage_02643,40,Image,1,process / file / registry content
lineage_02591,4,Image,1,process / file / registry content
lineage_03473,6,ContextInfo,1,process / file / registry content
lineage_03473,11,HostApplication,1,process / file / registry content
lineage_03473,15,Data,1,process / file / registry content
lineage_03473,17,Data,1,process / file / registry content
lineage_00069,12,HostVersion,4,system-assigned
lineage_01104,3,HostApplication,1,process / file / registry content
lineage_01104,11,Data,1,process / file / registry content
lineage_01104,16,Data,1,process / file / registry content
lineage_03227,10,Data,1,process / file / registry content
lineage_03227,14,Data,1,process / file / registry content
lineage_01447,3,ContextInfo,1,process / file / registry content
lineage_01447,3,Message,1,process / file / registry content
lineage_01447,18,Message,1,process / file / registry content
lineage_01447,32,ContextInfo,1,process / file / registry content
lineage_01447,33,ContextInfo,1,process / file / registry content
lineage_01447,35,ContextInfo,1,process / file / registry content
lineage_01447,35,ContextInfo,1,process / file / registry content
lineage_01447,35,ContextInfo,1,process / file / registry content
lineage_01447,35,ContextInfo,1,process / file / registry content
lineage_01447,35,Payload,1,process / file / registry content
lineage_01447,36,Payload,1,process / file / registry content
lineage_01447,38,ContextInfo,1,process / file / registry content
lineage_01447,39,ContextInfo,1,process / file / registry content
lineage_01447,41,ContextInfo,1,process / file / registry content
lineage_01447,43,ContextInfo,1,process / file / registry content
lineage_01447,43,ContextInfo,1,process / file / registry content
lineage_01447,47,ContextInfo,1,process / file / registry content
lineage_01851,25,ContextInfo,1,process / file / registry content
lineage_00232,5,ContextInfo,1,process / file / registry content
lineage_02466,11,ScriptBlockText,1,process / file / registry content
lineage_02466,11,ScriptBlockText,1,process / file / registry content
lineage_02466,11,ScriptBlockText,1,process / file / registry content
lineage_01571,17,ScriptBlockText,1,process / file / registry content
lineage_02481,11,_raw,1,process / file / registry content
lineage_02481,30,ScriptBlockText:contains,1,process / file / registry content
lineage_02481,32,ScriptBlockText,1,process / file / registry content
lineage_02481,38,ScriptBlockText,1,process / file / registry content
lineage_02451,2,ScriptBlockText,1,process / file / registry content
lineage_04263,6,ScriptBlockText,1,process / file / registry content
lineage_00630,3,ParentImage,1,process / file / registry content
lineage_00630,5,ScriptBlockText,1,process / file / registry content
lineage_00545,4,Path,1,process / file / registry content
lineage_00545,4,ScriptBlockText,1,process / file / registry content
lineage_00545,4,ScriptBlockText,1,process / file / registry content
lineage_00953,5,ScriptBlockText,1,process / file / registry content
lineage_01647,16,ScriptBlockText,1,process / file / registry content
lineage_01647,16,ScriptBlockText,1,process / file / registry content
lineage_01647,16,ScriptBlockText,1,process / file / registry content
lineage_01647,16,ScriptBlockText,1,process / file / registry content
lineage_01647,16,ScriptBlockText,1,process / file / registry content
lineage_01831,6,ScriptBlockText,1,process / file / registry content
lineage_00275,8,ScriptBlockText,1,process / file / registry content
lineage_00275,9,ScriptBlockText,1,process / file / registry content
lineage_00477,4,ScriptBlockText,1,process / file / registry content
lineage_00477,7,ScriptBlockText,1,process / file / registry content
lineage_00477,9,Path,1,process / file / registry content
lineage_00477,9,Path,1,process / file / registry content
lineage_00477,9,ScriptBlockText,1,process / file / registry content
lineage_00477,13,ScriptBlockText,1,process / file / registry content
lineage_00477,15,ScriptBlockText,1,process / file / registry content
lineage_01021,16,Path,1,process / file / registry content
lineage_00333,12,ScriptBlockText,1,process / file / registry content
lineage_00333,16,ScriptBlockText,1,process / file / registry content
lineage_02560,21,_raw,1,process / file / registry content
lineage_02560,22,_raw,1,process / file / registry content
lineage_02560,23,_raw,1,process / file / registry content
lineage_02911,3,SourceImage,1,process / file / registry content
lineage_02911,3,SourceImage,1,process / file / registry content
lineage_02911,7,SourceImage,1,process / file / registry content
lineage_02911,7,SourceImage,1,process / file / registry content
lineage_03022,15,SourceImage,1,process / file / registry content
lineage_03022,19,SourceImage,1,process / file / registry content
lineage_03022,20,SourceImage,1,process / file / registry content
lineage_03022,21,SourceImage,1,process / file / registry content
lineage_03022,24,SourceImage,1,process / file / registry content
lineage_03022,26,SourceImage,1,process / file / registry content
lineage_03022,26,SourceImage,1,process / file / registry content
lineage_03022,28,SourceImage,1,process / file / registry content
lineage_03022,28,SourceImage,1,process / file / registry content
lineage_03022,28,SourceImage,1,process / file / registry content
lineage_03022,29,SourceImage,1,process / file / registry content
lineage_03022,29,SourceImage,1,process / file / registry content
lineage_03022,31,SourceImage,1,process / file / registry content
lineage_03022,31,SourceImage,1,process / file / registry content
lineage_03022,31,SourceImage,1,process / file / registry content
lineage_03022,33,SourceImage,1,process / file / registry content
lineage_03022,33,SourceImage,1,process / file / registry content
lineage_03022,34,SourceImage,1,process / file / registry content
lineage_03022,35,SourceImage,1,process / file / registry content
lineage_03022,36,TargetImage,1,process / file / registry content
lineage_03022,37,SourceImage,1,process / file / registry content
lineage_03022,37,SourceImage,1,process / file / registry content
lineage_03022,38,CallTrace,1,process / file / registry content
lineage_03022,39,SourceImage,1,process / file / registry content
lineage_03022,39,TargetImage,1,process / file / registry content
lineage_03022,40,TargetImage,1,process / file / registry content
lineage_03022,41,SourceImage,1,process / file / registry content
lineage_03022,44,SourceImage,1,process / file / registry content
lineage_03022,44,SourceImage,1,process / file / registry content
lineage_03022,46,TargetImage,1,process / file / registry content
lineage_03022,47,CallTrace,1,process / file / registry content
lineage_03022,47,SourceImage,1,process / file / registry content
lineage_03022,48,SourceImage,1,process / file / registry content
lineage_03022,51,SourceImage,1,process / file / registry content
lineage_03022,51,TargetImage,1,process / file / registry content
lineage_03022,55,SourceImage,1,process / file / registry content
lineage_03022,55,SourceImage,1,process / file / registry content
lineage_03022,55,TargetImage,1,process / file / registry content
lineage_03022,55,SourceImage,1,process / file / registry content
lineage_03022,55,TargetImage,1,process / file / registry content
lineage_03022,55,SourceImage,1,process / file / registry content
lineage_03022,55,TargetImage,1,process / file / registry content
lineage_03022,55,SourceImage,1,process / file / registry content
lineage_01162,23,CallTrace,1,process / file / registry content
lineage_01162,23,CallTrace,1,process / file / registry content
lineage_01162,23,CallTrace,1,process / file / registry content
lineage_01162,23,GrantedAccess,6,operation parameters
lineage_01162,25,SourceImage,1,process / file / registry content
lineage_01162,30,CallTrace,1,process / file / registry content
lineage_01162,30,SourceImage,1,process / file / registry content
lineage_01162,30,SourceUser,3,account identity
lineage_01375,15,GrantedAccess,6,operation parameters
lineage_02275,10,ProcessName,1,process / file / registry content
lineage_02275,13,GrantedAccess,6,operation parameters
lineage_02275,13,SourceImage,1,process / file / registry content
lineage_02275,14,GrantedAccess,6,operation parameters
lineage_02275,15,SourceImage,1,process / file / registry content
lineage_02275,16,SourceImage,1,process / file / registry content
lineage_02275,19,GrantedAccess,6,operation parameters
lineage_02275,19,SourceImage,1,process / file / registry content
lineage_02275,19,SourceImage,1,process / file / registry content
lineage_02275,19,SourceImage,1,process / file / registry content
lineage_02275,19,SourceImage,1,process / file / registry content
lineage_02275,19,SourceImage,1,process / file / registry content
lineage_02275,19,SourceImage,1,process / file / registry content
lineage_02275,19,SourceImage,1,process / file / registry content
lineage_02275,19,SourceImage,1,process / file / registry content
lineage_02275,20,SourceImage,1,process / file / registry content
lineage_02275,21,SourceImage,1,process / file / registry content
lineage_02275,22,GrantedAccess,6,operation parameters
lineage_02275,22,SourceImage,1,process / file / registry content
lineage_02275,23,SourceImage,1,process / file / registry content
lineage_02275,25,GrantedAccess,6,operation parameters
lineage_02275,28,GrantedAccess,6,operation parameters
lineage_02275,28,SourceImage,1,process / file / registry content
lineage_02275,29,SourceImage,1,process / file / registry content
lineage_02275,29,SourceImage,1,process / file / registry content
lineage_02275,31,GrantedAccess,6,operation parameters
lineage_02275,31,SourceImage,1,process / file / registry content
lineage_02275,32,SourceImage,1,process / file / registry content
lineage_02275,32,SourceImage,1,process / file / registry content
lineage_02275,32,SourceImage,1,process / file / registry content
lineage_02275,33,GrantedAccess,6,operation parameters
lineage_02275,33,SourceImage,1,process / file / registry content
lineage_02275,33,GrantedAccess,6,operation parameters
lineage_02275,33,SourceImage,1,process / file / registry content
lineage_02275,36,SourceImage,1,process / file / registry content
lineage_02275,37,GrantedAccess,6,operation parameters
lineage_02275,37,SourceImage,1,process / file / registry content
lineage_02275,38,SourceImage,1,process / file / registry content
lineage_02275,39,SourceImage,1,process / file / registry content
lineage_02275,41,SourceImage,1,process / file / registry content
lineage_02275,41,GrantedAccess,6,operation parameters
lineage_02275,42,CallTrace,1,process / file / registry content
lineage_02275,42,CallTrace,1,process / file / registry content
lineage_02275,42,GrantedAccess,6,operation parameters
lineage_02275,42,SourceImage,1,process / file / registry content
lineage_02275,42,SourceImage,1,process / file / registry content
lineage_02275,43,SourceImage,1,process / file / registry content
lineage_02275,45,GrantedAccess,6,operation parameters
lineage_02275,45,SourceImage,1,process / file / registry content
lineage_02275,46,CallTrace,1,process / file / registry content
lineage_02275,47,SourceImage,1,process / file / registry content
lineage_02275,47,SourceImage,1,process / file / registry content
lineage_02275,47,SourceImage,1,process / file / registry content
lineage_02275,49,GrantedAccess,6,operation parameters
lineage_02275,49,SourceImage,1,process / file / registry content
lineage_02275,49,SourceImage,1,process / file / registry content
lineage_02275,50,SourceImage,1,process / file / registry content
lineage_02275,51,GrantedAccess,6,operation parameters
lineage_02275,53,GrantedAccess,6,operation parameters
lineage_02275,54,GrantedAccess,6,operation parameters
lineage_02275,58,SourceImage,1,process / file / registry content
lineage_04652,4,GrantedAccess,6,operation parameters
lineage_04652,4,SourceImage,1,process / file / registry content
lineage_04652,4,SourceImage,1,process / file / registry content
lineage_04652,4,SourceImage,1,process / file / registry content
lineage_04652,4,SourceImage,1,process / file / registry content
lineage_04652,4,SourceImage,1,process / file / registry content
lineage_04652,4,SourceImage,1,process / file / registry content
lineage_04652,4,SourceImage,1,process / file / registry content
lineage_04652,4,SourceImage,1,process / file / registry content
lineage_04652,5,SourceImage,1,process / file / registry content
lineage_04652,5,SourceImage,1,process / file / registry content
lineage_04652,5,SourceImage,1,process / file / registry content
lineage_04652,7,SourceImage,1,process / file / registry content
lineage_04652,9,SourceImage,1,process / file / registry content
lineage_04652,11,SourceImage,1,process / file / registry content
lineage_04652,12,GrantedAccess,6,operation parameters
lineage_04652,13,SourceImage,1,process / file / registry content
lineage_04652,13,SourceImage,1,process / file / registry content
lineage_04652,14,SourceImage,1,process / file / registry content
lineage_04652,16,SourceImage,1,process / file / registry content
lineage_04652,17,SourceImage,1,process / file / registry content
lineage_04652,18,SourceImage,1,process / file / registry content
lineage_04652,20,SourceImage,1,process / file / registry content
lineage_04652,21,GrantedAccess,6,operation parameters
lineage_04652,22,GrantedAccess,6,operation parameters
lineage_04652,22,SourceImage,1,process / file / registry content
lineage_04652,23,GrantedAccess,6,operation parameters
lineage_04652,23,SourceImage,1,process / file / registry content
lineage_04652,24,GrantedAccess,6,operation parameters
lineage_04652,24,SourceImage,1,process / file / registry content
lineage_04652,24,SourceImage,1,process / file / registry content
lineage_04652,24,SourceImage,1,process / file / registry content
lineage_04652,25,GrantedAccess,6,operation parameters
lineage_04652,25,SourceImage,1,process / file / registry content
lineage_04652,25,SourceImage,1,process / file / registry content
lineage_04652,25,SourceImage,1,process / file / registry content
lineage_04652,26,GrantedAccess,6,operation parameters
lineage_04652,26,SourceImage,1,process / file / registry content
lineage_04652,26,SourceImage,1,process / file / registry content
lineage_04652,26,SourceImage,1,process / file / registry content
lineage_04652,27,SourceImage,1,process / file / registry content
lineage_04652,28,SourceImage,1,process / file / registry content
lineage_04652,30,SourceImage,1,process / file / registry content
lineage_04652,31,SourceImage,1,process / file / registry content
lineage_04652,31,SourceImage,1,process / file / registry content
lineage_04652,32,CallTrace,1,process / file / registry content
lineage_04652,32,CallTrace,1,process / file / registry content
lineage_04652,36,SourceImage,1,process / file / registry content
lineage_04652,37,SourceImage,1,process / file / registry content
lineage_04652,37,SourceImage,1,process / file / registry content
lineage_04652,37,SourceImage,1,process / file / registry content
lineage_00894,2,GrantedAccess,6,operation parameters
lineage_00894,2,SourceImage,1,process / file / registry content
lineage_00894,3,SourceImage,1,process / file / registry content
lineage_00894,3,SourceImage,1,process / file / registry content
lineage_00894,3,SourceImage,1,process / file / registry content
lineage_00894,5,SourceImage,1,process / file / registry content
lineage_00894,6,SourceImage,1,process / file / registry content
lineage_00894,6,GrantedAccess,6,operation parameters
lineage_00894,6,SourceImage,1,process / file / registry content
lineage_00894,6,SourceImage,1,process / file / registry content
lineage_00894,7,SourceImage,1,process / file / registry content
lineage_00894,8,SourceImage,1,process / file / registry content
lineage_00894,9,SourceImage,1,process / file / registry content
lineage_00894,10,SourceImage,1,process / file / registry content
lineage_00894,10,SourceImage,1,process / file / registry content
lineage_00894,11,SourceImage,1,process / file / registry content
lineage_00894,12,GrantedAccess,6,operation parameters
lineage_00894,12,SourceImage,1,process / file / registry content
lineage_00894,12,SourceImage,1,process / file / registry content
lineage_00894,12,SourceImage,1,process / file / registry content
lineage_00894,13,SourceImage,1,process / file / registry content
lineage_00894,14,SourceImage,1,process / file / registry content
lineage_00894,14,SourceImage,1,process / file / registry content
lineage_00894,15,SourceImage,1,process / file / registry content
lineage_00894,16,SourceImage,1,process / file / registry content
lineage_00894,18,GrantedAccess,6,operation parameters
lineage_00894,19,GrantedAccess,6,operation parameters
lineage_00894,19,SourceImage,1,process / file / registry content
lineage_00894,21,SourceImage,1,process / file / registry content
lineage_00894,22,SourceImage,1,process / file / registry content
lineage_00894,22,GrantedAccess,6,operation parameters
lineage_00894,22,SourceImage,1,process / file / registry content
lineage_00894,24,SourceImage,1,process / file / registry content
lineage_00894,24,SourceImage,1,process / file / registry content
lineage_00894,25,SourceImage,1,process / file / registry content
lineage_00894,25,SourceImage,1,process / file / registry content
lineage_00894,25,TargetImage,1,process / file / registry content
lineage_00894,27,GrantedAcces,6,operation parameters
lineage_00894,27,SourceImage,1,process / file / registry content
lineage_00894,27,SourceImage,1,process / file / registry content
lineage_00894,30,SourceImage,1,process / file / registry content
lineage_00894,30,SourceImage,1,process / file / registry content
lineage_00894,34,SourceImage,1,process / file / registry content
lineage_00741,6,GrantedAccess,6,operation parameters
lineage_00741,6,SourceImage,1,process / file / registry content
lineage_00741,6,SourceImage,1,process / file / registry content
lineage_00741,6,SourceImage,1,process / file / registry content
lineage_00741,6,SourceImage,1,process / file / registry content
lineage_00741,7,SourceImage,1,process / file / registry content
lineage_00741,7,SourceCommandLine,1,process / file / registry content
lineage_00741,9,GrantedAccess,6,operation parameters
lineage_00741,9,SourceImage,1,process / file / registry content
lineage_00741,10,SourceImage,1,process / file / registry content
lineage_00741,11,SourceImage,1,process / file / registry content
lineage_00741,13,SourceImage,1,process / file / registry content
lineage_00741,15,GrantedAccess,6,operation parameters
lineage_03437,7,SourceImage,1,process / file / registry content
lineage_03437,7,TargetImage,1,process / file / registry content
lineage_03437,8,SourceImage,1,process / file / registry content
lineage_03437,8,TargetImage,1,process / file / registry content
lineage_03437,9,SourceImage,1,process / file / registry content
lineage_03437,9,TargetImage,1,process / file / registry content
lineage_03437,11,SourceImage,1,process / file / registry content
lineage_03437,11,TargetImage,1,process / file / registry content
lineage_03437,12,SourceImage,1,process / file / registry content
lineage_03437,12,TargetImage,1,process / file / registry content
lineage_03437,14,SourceImage,1,process / file / registry content
lineage_03437,14,TargetImage,1,process / file / registry content
lineage_03437,17,SourceImage,1,process / file / registry content
lineage_03437,17,SourceImage,1,process / file / registry content
lineage_03437,18,CallTrace,1,process / file / registry content
lineage_03437,20,SourceImage,1,process / file / registry content
lineage_03437,20,TargetImage,1,process / file / registry content
lineage_03437,20,SourceImage,1,process / file / registry content
lineage_03437,20,TargetImage,1,process / file / registry content
lineage_03437,20,SourceImage,1,process / file / registry content
lineage_03437,20,TargetImage,1,process / file / registry content
lineage_03437,20,SourceImage,1,process / file / registry content
lineage_03437,20,TargetImage,1,process / file / registry content
lineage_03437,21,SourceImage,1,process / file / registry content
lineage_03437,21,TargetImage,1,process / file / registry content
lineage_03437,21,SourceImage,1,process / file / registry content
lineage_03437,21,TargetImage,1,process / file / registry content
lineage_03437,22,TargetImage,1,process / file / registry content
lineage_03437,24,TargetImage,1,process / file / registry content
lineage_03437,25,TargetImage,1,process / file / registry content
lineage_03437,26,TargetImage,1,process / file / registry content
lineage_03437,26,TargetImage,1,process / file / registry content
lineage_03437,26,TargetImage,1,process / file / registry content
lineage_03437,26,TargetImage,1,process / file / registry content
lineage_03437,28,GrantedAccess,6,operation parameters
lineage_03437,28,SourceImage,1,process / file / registry content
lineage_03437,28,SourceImage,1,process / file / registry content
lineage_03437,28,TargetImage,1,process / file / registry content
lineage_03437,29,SourceImage,1,process / file / registry content
lineage_03437,29,SourceImage,1,process / file / registry content
lineage_03437,29,TargetImage,1,process / file / registry content
lineage_03437,29,TargetImage,1,process / file / registry content
lineage_03437,30,SourceImage,1,process / file / registry content
lineage_03437,30,TargetImage,1,process / file / registry content
lineage_03437,30,SourceImage,1,process / file / registry content
lineage_03437,30,TargetImage,1,process / file / registry content
lineage_03437,30,SourceImage,1,process / file / registry content
lineage_03437,30,TargetImage,1,process / file / registry content
lineage_03437,30,SourceImage,1,process / file / registry content
lineage_03437,30,TargetImage,1,process / file / registry content
lineage_03437,30,SourceImage,1,process / file / registry content
lineage_03437,30,TargetImage,1,process / file / registry content
lineage_03437,30,TargetImage,1,process / file / registry content
lineage_03437,30,SourceImage,1,process / file / registry content
lineage_03437,30,TargetImage,1,process / file / registry content
lineage_03437,34,SourceImage,1,process / file / registry content
lineage_03437,34,SourceImage,1,process / file / registry content
lineage_03437,34,TargetImage,1,process / file / registry content
lineage_03437,34,TargetImage,1,process / file / registry content
lineage_03163,5,SourceImage,1,process / file / registry content
lineage_03163,5,SourceImage,1,process / file / registry content
lineage_03163,5,TargetImage,1,process / file / registry content
lineage_03163,6,SourceImage,1,process / file / registry content
lineage_03163,6,SourceImage,1,process / file / registry content
lineage_03163,6,SourceImage,1,process / file / registry content
lineage_03163,6,TargetImage,1,process / file / registry content
lineage_03163,7,SourceImage,1,process / file / registry content
lineage_03163,7,SourceImage,1,process / file / registry content
lineage_03163,7,SourceImage,1,process / file / registry content
lineage_03163,7,TargetImage,1,process / file / registry content
lineage_03163,7,TargetImage,1,process / file / registry content
lineage_03163,7,SourceImage,1,process / file / registry content
lineage_03163,7,SourceImage,1,process / file / registry content
lineage_03163,7,TargetImage,1,process / file / registry content
lineage_03163,8,SourceImage,1,process / file / registry content
lineage_03163,8,SourceImage,1,process / file / registry content
lineage_03163,8,TargetImage,1,process / file / registry content
lineage_03163,8,TargetImage,1,process / file / registry content
lineage_03163,8,SourceImage,1,process / file / registry content
lineage_03163,8,TargetImage,1,process / file / registry content
lineage_03163,9,SourceImage,1,process / file / registry content
lineage_03163,9,TargetImage,1,process / file / registry content
lineage_03163,9,SourceImage,1,process / file / registry content
lineage_03163,9,SourceImage,1,process / file / registry content
lineage_03163,9,TargetImage,1,process / file / registry content
lineage_03930,2,CallTrace,1,process / file / registry content
lineage_03930,2,GrantedAccess,6,operation parameters
lineage_03930,2,SourceImage,1,process / file / registry content
lineage_03930,2,TargetImage,1,process / file / registry content
lineage_03930,2,SourceImage,1,process / file / registry content
lineage_03930,2,TargetImage,1,process / file / registry content
lineage_03930,4,SourceImage,1,process / file / registry content
lineage_03930,4,TargetImage,1,process / file / registry content
lineage_03930,7,SourceImage,1,process / file / registry content
lineage_03930,7,SourceImage,1,process / file / registry content
lineage_03930,7,TargetImage,1,process / file / registry content
lineage_03930,9,CallTrace,1,process / file / registry content
lineage_03930,9,CallTrace,1,process / file / registry content
lineage_03930,9,SourceImage,1,process / file / registry content
lineage_03930,9,TargetImage,1,process / file / registry content
lineage_02997,20,CallTrace,1,process / file / registry content
lineage_02997,20,SourceImage,1,process / file / registry content
lineage_02997,20,SourceImage,1,process / file / registry content
lineage_04469,2,CommandLine,1,process / file / registry content
lineage_04543,5,Image,1,process / file / registry content
lineage_04120,6,CommandLine,1,process / file / registry content
lineage_04120,12,CommandLine,1,process / file / registry content
lineage_04120,18,CommandLine,1,process / file / registry content
lineage_00424,10,ParentCommandLine,1,process / file / registry content
lineage_00424,10,ParentCommandLine,1,process / file / registry content
lineage_00191,26,CommandLine,1,process / file / registry content
lineage_00191,26,ParentCommandLine,1,process / file / registry content
lineage_02528,15,CommandLine,1,process / file / registry content
lineage_02206,18,ParentImage,1,process / file / registry content
lineage_04264,4,Image,1,process / file / registry content
lineage_03283,10,ParentImage,1,process / file / registry content
lineage_03679,7,ParentImage,1,process / file / registry content
lineage_01347,15,Image,1,process / file / registry content
lineage_01347,18,Image,1,process / file / registry content
lineage_01347,18,Image,1,process / file / registry content
lineage_01347,18,Image,1,process / file / registry content
lineage_01347,18,Image,1,process / file / registry content
lineage_01347,18,Image,1,process / file / registry content
lineage_01347,18,Image,1,process / file / registry content
lineage_00523,15,CommandLine,1,process / file / registry content
lineage_00523,17,CommandLine,1,process / file / registry content
lineage_00523,17,CommandLine,1,process / file / registry content
lineage_00523,18,CommandLine,1,process / file / registry content
lineage_03539,9,Image,1,process / file / registry content
lineage_00875,5,Image,1,process / file / registry content
lineage_00800,27,CommandLine,1,process / file / registry content
lineage_01928,2,CommandLine,1,process / file / registry content
lineage_03507,3,CommandLine,1,process / file / registry content
lineage_03507,3,CommandLine,1,process / file / registry content
lineage_03142,5,ParentCommandLine,1,process / file / registry content
lineage_03142,6,ParentCommandLine,1,process / file / registry content
lineage_03142,7,CommandLine,1,process / file / registry content
lineage_04310,2,CommandLine,1,process / file / registry content
lineage_04310,2,CommandLine,1,process / file / registry content
lineage_04310,2,CommandLine,1,process / file / registry content
lineage_00985,4,CommandLine,1,process / file / registry content
lineage_02882,20,CommandLine,1,process / file / registry content
lineage_02882,20,Image,1,process / file / registry content
lineage_02882,20,Image,1,process / file / registry content
lineage_02882,20,Image,1,process / file / registry content
lineage_02882,20,Image,1,process / file / registry content
lineage_00657,10,Image,1,process / file / registry content
lineage_00394,5,TargetFileName,1,process / file / registry content
lineage_02824,6,GrandparentCommandLine,1,process / file / registry content
lineage_01855,3,CommandLine,1,process / file / registry content
lineage_01855,4,CommandLine,1,process / file / registry content
lineage_01855,5,CommandLine,1,process / file / registry content
lineage_01855,7,CommandLine,1,process / file / registry content
lineage_00072,13,CommandLine,1,process / file / registry content
lineage_03689,6,CommandLine,1,process / file / registry content
lineage_00168,6,Provider_Name,4,system-assigned
lineage_00168,8,Image,1,process / file / registry content
lineage_00168,8,ParentCommandLine,1,process / file / registry content
lineage_00168,9,CommandLine,1,process / file / registry content
lineage_00168,9,ParentCommandLine,1,process / file / registry content
lineage_00168,9,ParentCommandLine,1,process / file / registry content
lineage_00168,9,Image,1,process / file / registry content
lineage_00168,9,ParentCommandLine,1,process / file / registry content
lineage_00168,9,ParentCommandLine,1,process / file / registry content
lineage_00168,11,CommandLine,1,process / file / registry content
lineage_00168,11,Image,1,process / file / registry content
lineage_00168,11,ParentCommandLine,1,process / file / registry content
lineage_00168,11,Provider_Name,4,system-assigned
lineage_00168,11,ParentCommandLine,1,process / file / registry content
lineage_02442,2,CommandLine,1,process / file / registry content
lineage_02442,6,ParentCommandLine,1,process / file / registry content
lineage_02442,8,ParentCommandLine,1,process / file / registry content
lineage_02442,10,ParentCommandLine,1,process / file / registry content
lineage_02442,12,ParentCommandLine,1,process / file / registry content
lineage_02442,13,ParentCommandLine,1,process / file / registry content
lineage_02442,14,ParentCommandLine,1,process / file / registry content
lineage_02442,15,ParentCommandLine,1,process / file / registry content
lineage_02442,17,ParentCommandLine,1,process / file / registry content
lineage_02442,17,ParentCommandLine,1,process / file / registry content
lineage_02442,22,ParentCommandLine,1,process / file / registry content
lineage_02923,2,CommandLine,1,process / file / registry content
lineage_02923,19,CommandLine,1,process / file / registry content
lineage_02923,19,CommandLine,1,process / file / registry content
lineage_02923,19,CommandLine,1,process / file / registry content
lineage_02923,27,CommandLine,1,process / file / registry content
lineage_00864,7,ParentImage,1,process / file / registry content
lineage_00864,8,ParentImage,1,process / file / registry content
lineage_00864,11,ParentImage,1,process / file / registry content
lineage_00864,11,ParentImage,1,process / file / registry content
lineage_00864,13,ParentCommandLine,1,process / file / registry content
lineage_00864,14,ParentImage,1,process / file / registry content
lineage_00864,14,ParentImage,1,process / file / registry content
lineage_00864,15,ParentImage,1,process / file / registry content
lineage_00864,24,ParentCommandLine,1,process / file / registry content
lineage_00864,24,ParentImage,1,process / file / registry content
lineage_00864,24,ParentImage,1,process / file / registry content
lineage_00864,24,ParentImage,1,process / file / registry content
lineage_00864,24,ParentImage,1,process / file / registry content
lineage_00864,27,ParentImage,1,process / file / registry content
lineage_00560,19,ParentCommandLine,1,process / file / registry content
lineage_00560,19,ParentImage,1,process / file / registry content
lineage_00560,19,ParentImage,1,process / file / registry content
lineage_00560,19,ParentImage,1,process / file / registry content
lineage_00560,19,ParentImage,1,process / file / registry content
lineage_01327,13,CommandLine,1,process / file / registry content
lineage_01327,13,CommandLine,1,process / file / registry content
lineage_01327,13,Image,1,process / file / registry content
lineage_01327,13,ParentCommandLine,1,process / file / registry content
lineage_01327,13,ParentCommandLine,1,process / file / registry content
lineage_01327,13,ParentImage,1,process / file / registry content
lineage_01327,18,CommandLine,1,process / file / registry content
lineage_03672,2,CurrentDirectory,1,process / file / registry content
lineage_03672,2,Image,1,process / file / registry content
lineage_00407,17,CommandLine,1,process / file / registry content
lineage_00407,17,CommandLine,1,process / file / registry content
lineage_00407,17,CommandLine,1,process / file / registry content
lineage_00407,17,ParentImage,1,process / file / registry content
lineage_04584,5,ParentImage,1,process / file / registry content
lineage_04584,5,ParentImage,1,process / file / registry content
lineage_01445,2,Image,1,process / file / registry content
lineage_01445,35,Image,1,process / file / registry content
lineage_01445,38,Image,1,process / file / registry content
lineage_01445,41,Image,1,process / file / registry content
lineage_02003,6,CommandLine,1,process / file / registry content
lineage_02003,6,ParentImage,1,process / file / registry content
lineage_02502,2,Image,1,process / file / registry content
lineage_02502,4,Image,1,process / file / registry content
lineage_02502,7,Image,1,process / file / registry content
lineage_02075,4,CommandLine,1,process / file / registry content
lineage_02075,9,CommandLine,1,process / file / registry content
lineage_03067,4,CommandLine,1,process / file / registry content
lineage_03067,8,CommandLine,1,process / file / registry content
lineage_03067,15,CommandLine,1,process / file / registry content
lineage_00397,3,Image,1,process / file / registry content
lineage_00397,4,Image,1,process / file / registry content
lineage_00397,5,Image,1,process / file / registry content
lineage_00397,6,Image,1,process / file / registry content
lineage_00397,8,Image,1,process / file / registry content
lineage_00397,16,Image,1,process / file / registry content
lineage_00397,20,Image,1,process / file / registry content
lineage_00397,20,Image,1,process / file / registry content
lineage_00397,20,Image,1,process / file / registry content
lineage_00397,20,Image,1,process / file / registry content
lineage_01351,3,Image,1,process / file / registry content
lineage_01798,2,ParentCommandLine,1,process / file / registry content
lineage_01798,2,ParentImage,1,process / file / registry content
lineage_00045,2,CommandLine,1,process / file / registry content
lineage_00045,4,CommandLine,1,process / file / registry content
lineage_00045,15,CommandLine,1,process / file / registry content
lineage_00045,15,CommandLine,1,process / file / registry content
lineage_00045,15,CommandLine,1,process / file / registry content
lineage_00045,15,CommandLine,1,process / file / registry content
lineage_01339,3,CommandLine,1,process / file / registry content
lineage_01339,4,CommandLine,1,process / file / registry content
lineage_01339,4,ParentImage,1,process / file / registry content
lineage_01339,4,ParentImage,1,process / file / registry content
lineage_01339,4,ParentImage,1,process / file / registry content
lineage_01339,4,ParentImage,1,process / file / registry content
lineage_00182,5,ParentProcessName,1,process / file / registry content
lineage_00182,13,ParentImage,1,process / file / registry content
lineage_04586,4,Image,1,process / file / registry content
lineage_02475,3,ParentImage,1,process / file / registry content
lineage_02475,5,ParentImage,1,process / file / registry content
lineage_01849,5,Image,1,process / file / registry content
lineage_01849,6,Image,1,process / file / registry content
lineage_01849,18,Image,1,process / file / registry content
lineage_01849,18,Image,1,process / file / registry content
lineage_01849,18,Image,1,process / file / registry content
lineage_03113,2,CommandLine,1,process / file / registry content
lineage_03113,2,CommandLine,1,process / file / registry content
lineage_03113,2,ParentImage,1,process / file / registry content
lineage_02367,8,ParentCommandLine,1,process / file / registry content
lineage_01238,3,CommandLine,1,process / file / registry content
lineage_01238,3,ParentImage,1,process / file / registry content
lineage_03179,8,CommandLine,1,process / file / registry content
lineage_03563,11,CommandLine,1,process / file / registry content
lineage_03563,14,CommandLine,1,process / file / registry content
lineage_03563,14,CommandLine,1,process / file / registry content
lineage_03563,14,ParentImage,1,process / file / registry content
lineage_00393,5,Image,1,process / file / registry content
lineage_01900,6,Image,1,process / file / registry content
lineage_01513,6,CurrentDirectory,1,process / file / registry content
lineage_01513,6,CurrentDirectory,1,process / file / registry content
lineage_03119,26,ParentImage,1,process / file / registry content
lineage_03055,4,Commandline,1,process / file / registry content
lineage_03055,4,Image,1,process / file / registry content
lineage_03055,6,Image,1,process / file / registry content
lineage_00372,2,CommandLine,1,process / file / registry content
lineage_00372,2,ParentImage,1,process / file / registry content
lineage_03509,5,ParentImage,1,process / file / registry content
lineage_02335,6,ParentCommandLine,1,process / file / registry content
lineage_03916,8,Image,1,process / file / registry content
lineage_03916,10,ParentImage,1,process / file / registry content
lineage_01419,8,CommandLine,1,process / file / registry content
lineage_01419,8,CommandLine,1,process / file / registry content
lineage_01419,8,ParentImage,1,process / file / registry content
lineage_01419,10,CommandLine,1,process / file / registry content
lineage_01419,10,CommandLine,1,process / file / registry content
lineage_01419,10,ParentImage,1,process / file / registry content
lineage_01419,10,CommandLine,1,process / file / registry content
lineage_01419,11,ParentImage,1,process / file / registry content
lineage_00216,19,CommandLine,1,process / file / registry content
lineage_02559,4,CommandLine,1,process / file / registry content
lineage_00892,11,Image,1,process / file / registry content
lineage_00892,20,Image,1,process / file / registry content
lineage_00233,7,CommandLine,1,process / file / registry content
lineage_00233,7,CommandLine,1,process / file / registry content
lineage_00233,7,ParentImage,1,process / file / registry content
lineage_02151,2,Image,1,process / file / registry content
lineage_02151,4,Image,1,process / file / registry content
lineage_02151,8,Image,1,process / file / registry content
lineage_04610,3,CommandLine,1,process / file / registry content
lineage_04610,3,Image,1,process / file / registry content
lineage_04610,4,ParentCommandLine,1,process / file / registry content
lineage_04610,4,ParentCommandLine,1,process / file / registry content
lineage_04610,4,CommandLine,1,process / file / registry content
lineage_02802,4,CommandLine,1,process / file / registry content
lineage_03514,10,ParentImage,1,process / file / registry content
lineage_03514,10,ParentImage,1,process / file / registry content
lineage_03514,10,ParentImage,1,process / file / registry content
lineage_03514,11,IntegrityLevel,6,operation parameters
lineage_03514,11,ParentImage,1,process / file / registry content
lineage_03514,17,IntegrityLevel,6,operation parameters
lineage_02438,9,CommandLine,1,process / file / registry content
lineage_02438,9,CommandLine,1,process / file / registry content
lineage_02692,2,Image,1,process / file / registry content
lineage_00261,5,ParentImage,1,process / file / registry content
lineage_03622,9,CommandLine,1,process / file / registry content
lineage_03622,9,Image,1,process / file / registry content
lineage_03622,9,ParentImage,1,process / file / registry content
lineage_03622,9,ParentImage,1,process / file / registry content
lineage_00623,9,ParentImage,1,process / file / registry content
lineage_00623,10,CommandLine,1,process / file / registry content
lineage_03477,3,CommandLine,1,process / file / registry content
lineage_03477,3,ParentImage,1,process / file / registry content
lineage_01217,24,CommandLine,1,process / file / registry content
lineage_00399,4,CommandLine,1,process / file / registry content
lineage_00399,4,CommandLine,1,process / file / registry content
lineage_03593,16,CommandLine,1,process / file / registry content
lineage_03593,20,CommandLine,1,process / file / registry content
lineage_03593,20,ParentImage,1,process / file / registry content
lineage_03593,20,ParentImage,1,process / file / registry content
lineage_04323,2,CommandLine,1,process / file / registry content
lineage_04323,2,ParentImage,1,process / file / registry content
lineage_04323,9,CommandLine,1,process / file / registry content
lineage_04323,9,ParentImage,1,process / file / registry content
lineage_04198,2,Image,1,process / file / registry content
lineage_02683,5,Image,1,process / file / registry content
lineage_02683,6,CommandLine,1,process / file / registry content
lineage_02683,6,Image,1,process / file / registry content
lineage_02683,6,Image,1,process / file / registry content
lineage_02683,6,Image,1,process / file / registry content
lineage_03906,17,Image,1,process / file / registry content
lineage_03835,15,CommandLine,1,process / file / registry content
lineage_03835,15,Image,1,process / file / registry content
lineage_03835,15,ParentImage,1,process / file / registry content
lineage_03835,17,CommandLine,1,process / file / registry content
lineage_03835,17,Image,1,process / file / registry content
lineage_03835,17,ParentImage,1,process / file / registry content
lineage_03835,17,CommandLine,1,process / file / registry content
lineage_03835,17,CommandLine,1,process / file / registry content
lineage_01193,5,SourceImage,1,process / file / registry content
lineage_01148,3,CommandLine,1,process / file / registry content
lineage_01148,3,ImagePath,1,process / file / registry content
lineage_02180,4,ParentImage,1,process / file / registry content
lineage_02462,7,CommandLine,1,process / file / registry content
lineage_03756,14,ParentImage,1,process / file / registry content
lineage_02249,5,CommandLine,1,process / file / registry content
lineage_02249,11,ParentImage,1,process / file / registry content
lineage_03032,5,CommandLine,1,process / file / registry content
lineage_03032,5,CommandLine,1,process / file / registry content
lineage_03032,5,ParentImage,1,process / file / registry content
lineage_02167,2,ParentImage,1,process / file / registry content
lineage_02167,8,ParentImage,1,process / file / registry content
lineage_02167,15,ParentImage,1,process / file / registry content
lineage_02167,19,ParentImage,1,process / file / registry content
lineage_02167,20,ParentImage,1,process / file / registry content
lineage_02167,20,ParentImage,1,process / file / registry content
lineage_02167,20,ParentImage,1,process / file / registry content
lineage_02167,20,ParentImage,1,process / file / registry content
lineage_02167,23,ParentImage,1,process / file / registry content
lineage_03255,6,CommandLine,1,process / file / registry content
lineage_03255,14,CommandLine,1,process / file / registry content
lineage_03255,14,ParentImage,1,process / file / registry content
lineage_03255,14,CommandLine,1,process / file / registry content
lineage_03255,14,ParentImage,1,process / file / registry content
lineage_03074,12,CommandLine,1,process / file / registry content
lineage_03074,12,ParentImage,1,process / file / registry content
lineage_02051,3,CommandLine,1,process / file / registry content
lineage_02051,3,ParentCommandLine,1,process / file / registry content
lineage_02051,12,CommandLine,1,process / file / registry content
lineage_02051,12,Image,1,process / file / registry content
lineage_02051,12,CommandLine,1,process / file / registry content
lineage_02051,12,Image,1,process / file / registry content
lineage_04472,6,CommandLine,1,process / file / registry content
lineage_02511,13,ParentImage,1,process / file / registry content
lineage_02511,23,CommandLine,1,process / file / registry content
lineage_00593,2,CommandLine,1,process / file / registry content
lineage_00518,4,CommandLine,1,process / file / registry content
lineage_02515,3,Image,1,process / file / registry content
lineage_02515,3,Image,1,process / file / registry content
lineage_04690,3,ParentImage,1,process / file / registry content
lineage_04690,3,ParentImage,1,process / file / registry content
lineage_04690,4,ParentImage,1,process / file / registry content
lineage_04690,6,ParentCommandLine,1,process / file / registry content
lineage_04690,10,CommandLine,1,process / file / registry content
lineage_04690,10,CommandLine,1,process / file / registry content
lineage_04690,11,CommandLine,1,process / file / registry content
lineage_04690,11,CommandLine,1,process / file / registry content
lineage_04690,11,CommandLine,1,process / file / registry content
lineage_04690,11,ParentImage,1,process / file / registry content
lineage_04690,11,ParentImage,1,process / file / registry content
lineage_00645,14,CommandLine,1,process / file / registry content
lineage_00645,14,CommandLine,1,process / file / registry content
lineage_02107,4,CommandLine,1,process / file / registry content
lineage_02392,7,CommandLine,1,process / file / registry content
lineage_02392,13,CommandLine,1,process / file / registry content
lineage_02392,13,CommandLine,1,process / file / registry content
lineage_02392,13,CommandLine,1,process / file / registry content
lineage_02392,13,CommandLine,1,process / file / registry content
lineage_02392,13,CommandLine,1,process / file / registry content
lineage_02392,13,CommandLine,1,process / file / registry content
lineage_02392,13,CommandLine,1,process / file / registry content
lineage_02392,13,CommandLine,1,process / file / registry content
lineage_02392,13,CommandLine,1,process / file / registry content
lineage_02392,13,CommandLine,1,process / file / registry content
lineage_02392,13,CommandLine,1,process / file / registry content
lineage_02392,13,CommandLine,1,process / file / registry content
lineage_02392,13,CommandLine,1,process / file / registry content
lineage_02392,13,CommandLine,1,process / file / registry content
lineage_02392,13,CommandLine,1,process / file / registry content
lineage_01930,6,CommandLine,1,process / file / registry content
lineage_01930,13,CommandLine,1,process / file / registry content
lineage_01930,13,CommandLine,1,process / file / registry content
lineage_01930,13,CommandLine,1,process / file / registry content
lineage_01930,13,CommandLine,1,process / file / registry content
lineage_01930,13,CommandLine,1,process / file / registry content
lineage_01930,13,CommandLine,1,process / file / registry content
lineage_01930,13,CommandLine,1,process / file / registry content
lineage_01930,13,CommandLine,1,process / file / registry content
lineage_01930,13,CommandLine,1,process / file / registry content
lineage_01930,13,CommandLine,1,process / file / registry content
lineage_01930,13,CommandLine,1,process / file / registry content
lineage_01930,13,CommandLine,1,process / file / registry content
lineage_01930,13,CommandLine,1,process / file / registry content
lineage_01930,13,CommandLine,1,process / file / registry content
lineage_01930,13,CommandLine,1,process / file / registry content
lineage_03093,10,CommandLine,1,process / file / registry content
lineage_03093,10,Image,1,process / file / registry content
lineage_00683,10,CommandLine,1,process / file / registry content
lineage_02143,8,CommandLine,1,process / file / registry content
lineage_02143,8,Image,1,process / file / registry content
lineage_04639,20,CommandLine,1,process / file / registry content
lineage_04639,22,CommandLine,1,process / file / registry content
lineage_04639,24,CommandLine,1,process / file / registry content
lineage_04639,24,ParentImage,1,process / file / registry content
lineage_04639,25,CommandLine,1,process / file / registry content
lineage_03707,2,CommandLine,1,process / file / registry content
lineage_03707,3,CommandLine,1,process / file / registry content
lineage_03707,6,CommandLine,1,process / file / registry content
lineage_02590,3,Image,1,process / file / registry content
lineage_00756,4,Image,1,process / file / registry content
lineage_00569,7,Image,1,process / file / registry content
lineage_00569,9,Image,1,process / file / registry content
lineage_00569,14,Image,1,process / file / registry content
lineage_00569,19,Image,1,process / file / registry content
lineage_00569,20,Image,1,process / file / registry content
lineage_00569,29,Image,1,process / file / registry content
lineage_00415,11,Image,1,process / file / registry content
lineage_00415,16,Image,1,process / file / registry content
lineage_00415,19,Image,1,process / file / registry content
lineage_00415,21,Image,1,process / file / registry content
lineage_00415,24,Image,1,process / file / registry content
lineage_00415,27,Image,1,process / file / registry content
lineage_02189,9,Image,1,process / file / registry content
lineage_02189,11,Image,1,process / file / registry content
lineage_02189,13,Image,1,process / file / registry content
lineage_02189,15,Image,1,process / file / registry content
lineage_01348,3,Image,1,process / file / registry content
lineage_01348,12,Image,1,process / file / registry content
lineage_01230,3,Image,1,process / file / registry content
lineage_04059,2,Image,1,process / file / registry content
lineage_02930,10,CommandLine,1,process / file / registry content
lineage_02930,10,CommandLine,1,process / file / registry content
lineage_02930,18,CommandLine,1,process / file / registry content
lineage_02930,18,CommandLine,1,process / file / registry content
lineage_02930,19,CommandLine,1,process / file / registry content
lineage_02930,19,ParentImage,1,process / file / registry content
lineage_02930,23,ParentImage,1,process / file / registry content
lineage_02930,25,ParentImage,1,process / file / registry content
lineage_04698,3,CommandLine,1,process / file / registry content
lineage_04698,11,CommandLine,1,process / file / registry content
lineage_04698,12,CommandLine,1,process / file / registry content
lineage_02785,6,ParentCommandLine,1,process / file / registry content
lineage_01652,29,CommandLine,1,process / file / registry content
lineage_01652,31,ParentCommandLine,1,process / file / registry content
lineage_01652,31,ParentImage,1,process / file / registry content
lineage_01652,33,CommandLine,1,process / file / registry content
lineage_01652,33,CommandLine,1,process / file / registry content
lineage_03332,3,CommandLine,1,process / file / registry content
lineage_03332,3,ParentImage,1,process / file / registry content
lineage_03332,5,CommandLine,1,process / file / registry content
lineage_03332,5,ParentImage,1,process / file / registry content
lineage_03332,6,CommandLine,1,process / file / registry content
lineage_03332,7,CommandLine,1,process / file / registry content
lineage_03332,7,ParentImage,1,process / file / registry content
lineage_03332,7,CommandLine,1,process / file / registry content
lineage_03332,9,ParentCommandLine,1,process / file / registry content
lineage_03332,9,ParentImage,1,process / file / registry content
lineage_03332,10,ParentCommandLine,1,process / file / registry content
lineage_03332,10,ParentCommandLine,1,process / file / registry content
lineage_03332,10,CommandLine,1,process / file / registry content
lineage_03332,13,CommandLine,1,process / file / registry content
lineage_03332,13,ParentCommandLine,1,process / file / registry content
lineage_03332,14,ParentCommandLine,1,process / file / registry content
lineage_03332,14,ParentImage,1,process / file / registry content
lineage_03332,14,ParentImage,1,process / file / registry content
lineage_03332,14,ParentImage,1,process / file / registry content
lineage_03332,18,CommandLine,1,process / file / registry content
lineage_03332,18,CommandLine,1,process / file / registry content
lineage_03332,18,CommandLine,1,process / file / registry content
lineage_03332,18,CommandLine,1,process / file / registry content
lineage_03332,18,CommandLine,1,process / file / registry content
lineage_03332,22,CommandLine,1,process / file / registry content
lineage_03332,26,CommandLine,1,process / file / registry content
lineage_03332,26,ParentImage,1,process / file / registry content
lineage_03332,26,CommandLine,1,process / file / registry content
lineage_03332,26,CommandLine,1,process / file / registry content
lineage_03332,28,CommandLine,1,process / file / registry content
lineage_03332,29,ParentCommandLine,1,process / file / registry content
lineage_03332,29,ParentCommandLine,1,process / file / registry content
lineage_03332,29,ParentCommandLine,1,process / file / registry content
lineage_03332,29,ParentCommandLine,1,process / file / registry content
lineage_03332,29,ParentCommandLine,1,process / file / registry content
lineage_03332,29,ParentCommandLine,1,process / file / registry content
lineage_03332,29,ParentCommandLine,1,process / file / registry content
lineage_02036,9,CommandLine,1,process / file / registry content
lineage_02036,11,CommandLine,1,process / file / registry content
lineage_04163,3,ParentImage,1,process / file / registry content
lineage_04163,3,ParentImage,1,process / file / registry content
lineage_03201,8,CommandLine,1,process / file / registry content
lineage_03201,8,CommandLine,1,process / file / registry content
lineage_03201,8,CommandLine,1,process / file / registry content
lineage_03201,8,CommandLine,1,process / file / registry content
lineage_03201,8,CommandLine,1,process / file / registry content
lineage_03201,8,CommandLine,1,process / file / registry content
lineage_03201,8,CommandLine,1,process / file / registry content
lineage_01216,11,CommandLine,1,process / file / registry content
lineage_04611,6,ParentImage,1,process / file / registry content
lineage_04360,5,CommandLine,1,process / file / registry content
lineage_04360,5,Image,1,process / file / registry content
lineage_04360,5,ParentImage,1,process / file / registry content
lineage_04360,5,ParentImage,1,process / file / registry content
lineage_01192,10,User,3,account identity
lineage_01192,21,CommandLine,1,process / file / registry content
lineage_01192,21,Image,1,process / file / registry content
lineage_01192,21,ParentImage,1,process / file / registry content
lineage_02261,2,CommandLine,1,process / file / registry content
lineage_03903,2,CommandLine,1,process / file / registry content
lineage_03903,2,ParentCommandLine,1,process / file / registry content
lineage_03903,8,CommandLine,1,process / file / registry content
lineage_03903,12,CommandLine,1,process / file / registry content
lineage_03903,12,CommandLine,1,process / file / registry content
lineage_03903,12,CommandLine,1,process / file / registry content
lineage_03903,12,CommandLine,1,process / file / registry content
lineage_03903,12,CommandLine,1,process / file / registry content
lineage_03903,12,CommandLine,1,process / file / registry content
lineage_03903,12,CommandLine,1,process / file / registry content
lineage_03903,12,CommandLine,1,process / file / registry content
lineage_03903,12,CommandLine,1,process / file / registry content
lineage_03903,12,CommandLine,1,process / file / registry content
lineage_03903,12,CommandLine,1,process / file / registry content
lineage_03903,17,CommandLine,1,process / file / registry content
lineage_03903,17,CommandLine,1,process / file / registry content
lineage_04438,10,CommandLine,1,process / file / registry content
lineage_02805,2,CommandLine,1,process / file / registry content
lineage_02733,3,ParentCommandLine,1,process / file / registry content
lineage_02733,3,ParentCommandLine,1,process / file / registry content
lineage_02733,3,ParentImage,1,process / file / registry content
lineage_02733,7,IntegrityLevel,6,operation parameters
lineage_01364,8,CommandLine,1,process / file / registry content
lineage_01364,13,CommandLine,1,process / file / registry content
lineage_01364,13,CommandLine,1,process / file / registry content
lineage_01364,13,CommandLine,1,process / file / registry content
lineage_01091,4,CommandLine,1,process / file / registry content
lineage_01091,4,CommandLine,1,process / file / registry content
lineage_03133,12,CommandLine,1,process / file / registry content
lineage_03133,20,CommandLine,1,process / file / registry content
lineage_02915,2,CommandLine,1,process / file / registry content
lineage_02915,2,Image,1,process / file / registry content
lineage_02915,2,ParentImage,1,process / file / registry content
lineage_02915,3,CommandLine,1,process / file / registry content
lineage_02915,4,CommandLine,1,process / file / registry content
lineage_02915,6,CommandLine,1,process / file / registry content
lineage_02915,8,CommandLine,1,process / file / registry content
lineage_02915,10,CommandLine,1,process / file / registry content
lineage_02915,10,CommandLine,1,process / file / registry content
lineage_03900,11,CommandLine,1,process / file / registry content
lineage_03900,11,Image,1,process / file / registry content
lineage_03900,11,CommandLine,1,process / file / registry content
lineage_03900,11,Image,1,process / file / registry content
lineage_00750,9,CommandLine,1,process / file / registry content
lineage_00750,9,User,3,account identity
lineage_00750,17,CommandLine,1,process / file / registry content
lineage_03602,10,Image,1,process / file / registry content
lineage_02623,5,Image,1,process / file / registry content
lineage_02871,2,CommandLine,1,process / file / registry content
lineage_02871,2,Image,1,process / file / registry content
lineage_03638,8,CommandLine,1,process / file / registry content
lineage_03638,8,CommandLine,1,process / file / registry content
lineage_02529,2,ParentImage,1,process / file / registry content
lineage_02547,2,CommandLine,1,process / file / registry content
lineage_02547,8,CommandLine,1,process / file / registry content
lineage_02547,8,CommandLine,1,process / file / registry content
lineage_00503,6,Command,1,process / file / registry content
lineage_00503,8,ParentCommandLine,1,process / file / registry content
lineage_00503,10,ParentImage,1,process / file / registry content
lineage_00503,13,ParentImage,1,process / file / registry content
lineage_00503,18,ParentImage,1,process / file / registry content
lineage_00503,18,ParentImage,1,process / file / registry content
lineage_00503,18,ParentImage,1,process / file / registry content
lineage_00503,18,ParentImage,1,process / file / registry content
lineage_02926,3,Image,1,process / file / registry content
lineage_02926,3,ParentImage,1,process / file / registry content
lineage_02926,3,ParentImage,1,process / file / registry content
lineage_02926,7,Image,1,process / file / registry content
lineage_02926,7,ParentImage,1,process / file / registry content
lineage_00298,8,ParentImage,1,process / file / registry content
lineage_00298,16,ParentCommandLine,1,process / file / registry content
lineage_00298,16,ParentImage,1,process / file / registry content
lineage_00298,16,ParentImage,1,process / file / registry content
lineage_00298,16,ParentImage,1,process / file / registry content
lineage_00298,23,ParentImage,1,process / file / registry content
lineage_00298,25,ParentImage,1,process / file / registry content
lineage_00298,27,CommandLine,1,process / file / registry content
lineage_00298,27,Image,1,process / file / registry content
lineage_00298,27,ParentCommandLine,1,process / file / registry content
lineage_00298,27,ParentImage,1,process / file / registry content
lineage_00298,27,ParentImage,1,process / file / registry content
lineage_00337,2,Image,1,process / file / registry content
lineage_03926,4,CommandLine,1,process / file / registry content
lineage_03926,4,CommandLine,1,process / file / registry content
lineage_00382,8,CommandLine,1,process / file / registry content
lineage_00382,10,CommandLine,1,process / file / registry content
lineage_00382,11,CommandLine,1,process / file / registry content
lineage_01761,14,ParentImage,1,process / file / registry content
lineage_00215,23,CommandLine,1,process / file / registry content
lineage_00215,23,CommandLine,1,process / file / registry content
lineage_00215,23,CommandLine,1,process / file / registry content
lineage_00215,23,CommandLine,1,process / file / registry content
lineage_00215,23,Image,1,process / file / registry content
lineage_01998,4,CommandLine,1,process / file / registry content
lineage_04225,4,CommandLine,1,process / file / registry content
lineage_04225,4,ParentImage,1,process / file / registry content
lineage_01872,2,CommandLine,1,process / file / registry content
lineage_01872,2,OriginalFileName,1,process / file / registry content
lineage_01872,2,ParentCommandLine,1,process / file / registry content
lineage_01872,2,ParentImage,1,process / file / registry content
lineage_01872,3,ParentImage,1,process / file / registry content
lineage_01872,4,ParentImage,1,process / file / registry content
lineage_01872,6,CommandLine,1,process / file / registry content
lineage_01872,6,CommandLine,1,process / file / registry content
lineage_01872,6,ParentImage,1,process / file / registry content
lineage_01872,6,CommandLine,1,process / file / registry content
lineage_01872,7,ParentImage,1,process / file / registry content
lineage_01872,8,Image,1,process / file / registry content
lineage_01872,9,ParentImage,1,process / file / registry content
lineage_01872,9,ParentImage,1,process / file / registry content
lineage_01872,10,ParentImage,1,process / file / registry content
lineage_01872,13,ParentImage,1,process / file / registry content
lineage_01872,13,ParentImage,1,process / file / registry content
lineage_01872,14,CommandLine,1,process / file / registry content
lineage_01872,14,CurrentDirectory,1,process / file / registry content
lineage_01872,14,ParentImage,1,process / file / registry content
lineage_01872,15,ParentCommandLine,1,process / file / registry content
lineage_01872,15,ParentImage,1,process / file / registry content
lineage_01872,15,ParentImage,1,process / file / registry content
lineage_01872,16,CommandLine,1,process / file / registry content
lineage_01872,18,CommandLine,1,process / file / registry content
lineage_01872,19,CommandLine,1,process / file / registry content
lineage_01872,21,CommandLine,1,process / file / registry content
lineage_01872,21,ParentImage,1,process / file / registry content
lineage_01872,21,CommandLine,1,process / file / registry content
lineage_01872,21,CommandLine,1,process / file / registry content
lineage_01872,21,Image,1,process / file / registry content
lineage_01872,21,CommandLine,1,process / file / registry content
lineage_01872,21,ParentCommandLine,1,process / file / registry content
lineage_01872,21,ParentImage,1,process / file / registry content
lineage_01872,21,ParentImage,1,process / file / registry content
lineage_01872,23,CommandLine,1,process / file / registry content
lineage_01872,23,ParentCommandLine,1,process / file / registry content
lineage_01872,23,ParentImage,1,process / file / registry content
lineage_01872,24,CommandLine,1,process / file / registry content
lineage_01872,24,CommandLine,1,process / file / registry content
lineage_01872,25,CommandLine,1,process / file / registry content
lineage_01872,25,CommandLine,1,process / file / registry content
lineage_01872,25,Image,1,process / file / registry content
lineage_01872,28,CommandLine,1,process / file / registry content
lineage_01872,28,ParentImage,1,process / file / registry content
lineage_01872,28,ParentImage,1,process / file / registry content
lineage_01872,28,CommandLine,1,process / file / registry content
lineage_01872,28,CurrentDirectory,1,process / file / registry content
lineage_01872,28,ParentCommandLine,1,process / file / registry content
lineage_01872,28,ParentImage,1,process / file / registry content
lineage_01872,28,ParentImage,1,process / file / registry content
lineage_01872,28,ParentImage,1,process / file / registry content
lineage_01872,28,CommandLine,1,process / file / registry content
lineage_01872,28,CommandLine,1,process / file / registry content
lineage_01872,28,Image,1,process / file / registry content
lineage_01872,28,CommandLine,1,process / file / registry content
lineage_01872,28,ParentCommandLine,1,process / file / registry content
lineage_01872,28,ParentImage,1,process / file / registry content
lineage_01872,28,ParentImage,1,process / file / registry content
lineage_01872,28,ParentCommandLine,1,process / file / registry content
lineage_01872,28,ParentImage,1,process / file / registry content
lineage_04571,4,ParentImage,1,process / file / registry content
lineage_02585,24,CommandLine,1,process / file / registry content
lineage_02585,24,ParentImage,1,process / file / registry content
lineage_00771,2,Image,1,process / file / registry content
lineage_00771,2,Image,1,process / file / registry content
lineage_00771,7,Image,1,process / file / registry content
lineage_00771,13,Image,1,process / file / registry content
lineage_02518,14,Image,1,process / file / registry content
lineage_02518,18,Image,1,process / file / registry content
lineage_02518,18,Image,1,process / file / registry content
lineage_03328,11,CommandLine,1,process / file / registry content
lineage_03328,13,CommandLine,1,process / file / registry content
lineage_03328,13,CommandLine,1,process / file / registry content
lineage_03328,13,CommandLine,1,process / file / registry content
lineage_03328,15,CommandLine,1,process / file / registry content
lineage_03328,15,CommandLine,1,process / file / registry content
lineage_03328,19,CommandLine,1,process / file / registry content
lineage_03328,22,Image,1,process / file / registry content
lineage_03328,24,ParentImage,1,process / file / registry content
lineage_03328,32,CommandLine,1,process / file / registry content
lineage_03328,32,CommandLine,1,process / file / registry content
lineage_00139,3,Image,1,process / file / registry content
lineage_00139,4,CommandLine,1,process / file / registry content
lineage_00139,5,Image,1,process / file / registry content
lineage_00139,9,CommandLine,1,process / file / registry content
lineage_00139,9,Image,1,process / file / registry content
lineage_00139,11,CommandLine,1,process / file / registry content
lineage_00139,11,Image,1,process / file / registry content
lineage_00139,13,CommandLine,1,process / file / registry content
lineage_00139,13,Image,1,process / file / registry content
lineage_02931,2,CommandLine,1,process / file / registry content
lineage_02931,2,Image,1,process / file / registry content
lineage_02931,8,CommandLine,1,process / file / registry content
lineage_02931,8,Image,1,process / file / registry content
lineage_02931,15,CommandLine,1,process / file / registry content
lineage_02931,15,ParentImage,1,process / file / registry content
lineage_01792,6,CommandLine,1,process / file / registry content
lineage_02860,3,CurrentDirectory,1,process / file / registry content
lineage_02860,12,CurrentDirectory,1,process / file / registry content
lineage_02860,12,CurrentDirectory,1,process / file / registry content
lineage_01621,5,CommandLine,1,process / file / registry content
lineage_01621,10,CommandLine,1,process / file / registry content
lineage_01621,10,CommandLine,1,process / file / registry content
lineage_01621,10,CommandLine,1,process / file / registry content
lineage_01480,3,Image,1,process / file / registry content
lineage_01480,5,ParentImage,1,process / file / registry content
lineage_01480,6,Image,1,process / file / registry content
lineage_01480,6,Image,1,process / file / registry content
lineage_01480,8,Image,1,process / file / registry content
lineage_01480,9,Image,1,process / file / registry content
lineage_01480,9,Image,1,process / file / registry content
lineage_01480,10,ParentImage,1,process / file / registry content
lineage_01480,11,Image,1,process / file / registry content
lineage_01480,11,Image,1,process / file / registry content
lineage_01480,11,Image,1,process / file / registry content
lineage_01480,13,Image,1,process / file / registry content
lineage_01480,14,Image,1,process / file / registry content
lineage_01480,14,Image,1,process / file / registry content
lineage_01480,15,Image,1,process / file / registry content
lineage_01480,15,Image,1,process / file / registry content
lineage_01480,15,Image,1,process / file / registry content
lineage_01480,16,Image,1,process / file / registry content
lineage_01480,16,Image,1,process / file / registry content
lineage_01480,16,Image,1,process / file / registry content
lineage_01480,16,Image,1,process / file / registry content
lineage_01480,17,Image,1,process / file / registry content
lineage_01480,17,Image,1,process / file / registry content
lineage_01480,17,Image,1,process / file / registry content
lineage_01480,17,Image,1,process / file / registry content
lineage_01480,17,Image,1,process / file / registry content
lineage_01480,17,Image,1,process / file / registry content
lineage_01480,17,Image,1,process / file / registry content
lineage_01480,17,Image,1,process / file / registry content
lineage_01480,17,Image,1,process / file / registry content
lineage_01480,17,ParentImage,1,process / file / registry content
lineage_01480,17,Image,1,process / file / registry content
lineage_01480,20,Image,1,process / file / registry content
lineage_01480,20,Image,1,process / file / registry content
lineage_01480,21,Image,1,process / file / registry content
lineage_01480,22,Image,1,process / file / registry content
lineage_01480,23,Image,1,process / file / registry content
lineage_01480,23,ParentImage,1,process / file / registry content
lineage_01480,26,ParentImage,1,process / file / registry content
lineage_01480,26,ParentImage,1,process / file / registry content
lineage_01480,29,Image,1,process / file / registry content
lineage_01480,30,Image,1,process / file / registry content
lineage_01480,32,CommandLine,1,process / file / registry content
lineage_01480,32,CommandLine,1,process / file / registry content
lineage_01480,32,Image,1,process / file / registry content
lineage_01480,32,ParentImage,1,process / file / registry content
lineage_01480,32,ParentImage,1,process / file / registry content
lineage_01480,32,Image,1,process / file / registry content
lineage_01480,32,Image,1,process / file / registry content
lineage_01480,34,Image,1,process / file / registry content
lineage_01480,34,ParentImage,1,process / file / registry content
lineage_01480,35,Image,1,process / file / registry content
lineage_03697,2,ParentImage,1,process / file / registry content
lineage_03697,2,ParentImage,1,process / file / registry content
lineage_03697,3,ParentImage,1,process / file / registry content
lineage_03697,4,ParentImage,1,process / file / registry content
lineage_03697,5,ParentImage,1,process / file / registry content
lineage_03697,6,ParentImage,1,process / file / registry content
lineage_03697,6,ParentImage,1,process / file / registry content
lineage_03697,7,CommandLine,1,process / file / registry content
lineage_03697,7,ParentImage,1,process / file / registry content
lineage_03697,8,CommandLine,1,process / file / registry content
lineage_03697,15,ParentImage,1,process / file / registry content
lineage_03697,16,Image,1,process / file / registry content
lineage_03697,16,Image,1,process / file / registry content
lineage_03697,16,CommandLine,1,process / file / registry content
lineage_03697,16,ParentImage,1,process / file / registry content
lineage_03697,16,ParentImage,1,process / file / registry content
lineage_03697,16,CommandLine,1,process / file / registry content
lineage_03697,16,CommandLine,1,process / file / registry content
lineage_03697,16,ParentImage,1,process / file / registry content
lineage_03697,16,ParentImage,1,process / file / registry content
lineage_03697,16,ParentImage,1,process / file / registry content
lineage_03697,16,ParentImage,1,process / file / registry content
lineage_03697,16,ParentImage,1,process / file / registry content
lineage_03697,16,ParentImage,1,process / file / registry content
lineage_03697,17,ParentImage,1,process / file / registry content
lineage_03697,17,ParentImage,1,process / file / registry content
lineage_02014,2,ParentImage,1,process / file / registry content
lineage_02014,2,ParentImage,1,process / file / registry content
lineage_02014,3,ParentImage,1,process / file / registry content
lineage_02014,4,Company,1,process / file / registry content
lineage_02014,4,Description,1,process / file / registry content
lineage_02014,4,Product,1,process / file / registry content
lineage_02014,7,Image,1,process / file / registry content
lineage_02014,7,Image,1,process / file / registry content
lineage_02014,7,Image,1,process / file / registry content
lineage_02014,15,ParentImage,1,process / file / registry content
lineage_02014,15,ParentImage,1,process / file / registry content
lineage_02646,6,ParentImage,1,process / file / registry content
lineage_02646,7,ParentImage,1,process / file / registry content
lineage_02646,8,CommandLine,1,process / file / registry content
lineage_00558,4,ParentImage,1,process / file / registry content
lineage_00558,5,ParentImage,1,process / file / registry content
lineage_00558,6,Image,1,process / file / registry content
lineage_00558,6,ParentImage,1,process / file / registry content
lineage_00558,8,ParentImage,1,process / file / registry content
lineage_00558,11,Image,1,process / file / registry content
lineage_00558,13,Image,1,process / file / registry content
lineage_00558,13,Image,1,process / file / registry content
lineage_00558,13,ParentImage,1,process / file / registry content
lineage_00558,13,ParentImage,1,process / file / registry content
lineage_03096,2,Image,1,process / file / registry content
lineage_03096,4,Image,1,process / file / registry content
lineage_02610,2,ParentImage,1,process / file / registry content
lineage_02610,3,Image,1,process / file / registry content
lineage_02610,3,ParentImage,1,process / file / registry content
lineage_02610,3,Image,1,process / file / registry content
lineage_02610,3,Image,1,process / file / registry content
lineage_02610,3,Image,1,process / file / registry content
lineage_02610,3,ParentImage,1,process / file / registry content
lineage_02610,8,ParentImage,1,process / file / registry content
lineage_02610,14,ParentImage,1,process / file / registry content
lineage_02610,14,ParentImage,1,process / file / registry content
lineage_02610,14,ParentImage,1,process / file / registry content
lineage_02610,14,ParentImage,1,process / file / registry content
lineage_02610,16,ParentImage,1,process / file / registry content
lineage_02610,16,ParentImage,1,process / file / registry content
lineage_02610,16,ParentImage,1,process / file / registry content
lineage_02610,16,ParentImage,1,process / file / registry content
lineage_02610,17,ParentImage,1,process / file / registry content
lineage_02610,19,ParentImage,1,process / file / registry content
lineage_02610,28,ParentImage,1,process / file / registry content
lineage_01399,3,ParentImage,1,process / file / registry content
lineage_01399,6,ParentImage,1,process / file / registry content
lineage_01399,6,ParentImage,1,process / file / registry content
lineage_01399,7,Image,1,process / file / registry content
lineage_01399,8,Image,1,process / file / registry content
lineage_01399,8,Image,1,process / file / registry content
lineage_03238,2,CommandLine,1,process / file / registry content
lineage_03238,4,CommandLine,1,process / file / registry content
lineage_03238,8,CommandLine,1,process / file / registry content
lineage_00887,2,CurrentDirectory,1,process / file / registry content
lineage_00887,17,Command,1,process / file / registry content
lineage_00887,17,ParentCommand,1,process / file / registry content
lineage_00887,19,ParentCommandLine,1,process / file / registry content
lineage_00887,28,CommandLine,1,process / file / registry content
lineage_00887,28,CommandLine,1,process / file / registry content
lineage_00887,28,CommandLine,1,process / file / registry content
lineage_00887,28,CommandLine,1,process / file / registry content
lineage_00887,28,Image,1,process / file / registry content
lineage_00887,28,ParentCommandLine,1,process / file / registry content
lineage_00887,28,ParentCommandLine,1,process / file / registry content
lineage_00887,28,ParentCommandLine,1,process / file / registry content
lineage_00887,28,ParentImage,1,process / file / registry content
lineage_00681,14,CommandLine,1,process / file / registry content
lineage_00681,14,CommandLine,1,process / file / registry content
lineage_00681,15,CommandLine,1,process / file / registry content
lineage_00681,15,CommandLine,1,process / file / registry content
lineage_00681,20,CommandLine,1,process / file / registry content
lineage_00681,21,CommandLine,1,process / file / registry content
lineage_00681,22,CommandLine,1,process / file / registry content
lineage_00681,23,CommandLine,1,process / file / registry content
lineage_00681,23,CommandLine,1,process / file / registry content
lineage_00681,23,CommandLine,1,process / file / registry content
lineage_00681,23,CommandLine,1,process / file / registry content
lineage_00681,24,CommandLine,1,process / file / registry content
lineage_00681,24,CommandLine,1,process / file / registry content
lineage_00681,24,CommandLine,1,process / file / registry content
lineage_00681,24,CommandLine,1,process / file / registry content
lineage_00681,24,CommandLine,1,process / file / registry content
lineage_00681,24,CommandLine,1,process / file / registry content
lineage_00454,9,CommandLine,1,process / file / registry content
lineage_00454,9,CommandLine,1,process / file / registry content
lineage_00454,9,CommandLine,1,process / file / registry content
lineage_00454,9,CommandLine,1,process / file / registry content
lineage_00454,9,Image,1,process / file / registry content
lineage_00454,9,Image,1,process / file / registry content
lineage_03105,7,Image,1,process / file / registry content
lineage_03105,8,Image,1,process / file / registry content
lineage_03105,11,Image,1,process / file / registry content
lineage_03105,12,Image,1,process / file / registry content
lineage_03105,14,Image,1,process / file / registry content
lineage_03105,18,Image,1,process / file / registry content
lineage_03105,18,Image,1,process / file / registry content
lineage_03105,21,Image,1,process / file / registry content
lineage_03105,21,Image,1,process / file / registry content
lineage_03105,21,Image,1,process / file / registry content
lineage_03105,30,Image,1,process / file / registry content
lineage_03105,32,Image,1,process / file / registry content
lineage_03105,32,Image,1,process / file / registry content
lineage_03105,36,Image,1,process / file / registry content
lineage_03105,37,Image,1,process / file / registry content
lineage_03105,37,Image,1,process / file / registry content
lineage_03105,42,Image,1,process / file / registry content
lineage_03105,42,Image,1,process / file / registry content
lineage_03105,43,Image,1,process / file / registry content
lineage_03105,43,Image,1,process / file / registry content
lineage_03105,43,Image,1,process / file / registry content
lineage_03674,12,Image,1,process / file / registry content
lineage_03674,12,ParentCommandLine,1,process / file / registry content
lineage_03674,12,CommandLine,1,process / file / registry content
lineage_03674,13,ParentImage,1,process / file / registry content
lineage_03674,14,CommandLine,1,process / file / registry content
lineage_03674,14,Image,1,process / file / registry content
lineage_03674,14,Image,1,process / file / registry content
lineage_03674,14,ParentImage,1,process / file / registry content
lineage_03674,14,ParentImage,1,process / file / registry content
lineage_03674,18,Image,1,process / file / registry content
lineage_03674,18,ParentImage,1,process / file / registry content
lineage_03674,18,ParentImage,1,process / file / registry content
lineage_03674,21,CommandLine,1,process / file / registry content
lineage_03674,21,CommandLine,1,process / file / registry content
lineage_03674,21,CommandLine,1,process / file / registry content
lineage_04081,3,ChildImage,1,process / file / registry content
lineage_01920,2,CommandLine,1,process / file / registry content
lineage_01920,2,Image,1,process / file / registry content
lineage_01920,10,ImageFileName,1,process / file / registry content
lineage_01920,18,CommandLine,1,process / file / registry content
lineage_01264,13,Image,1,process / file / registry content
lineage_01264,16,Image,1,process / file / registry content
lineage_02676,3,ParentImage,1,process / file / registry content
lineage_02676,7,ParentImage,1,process / file / registry content
lineage_02676,8,ParentImage,1,process / file / registry content
lineage_02676,9,ParentImage,1,process / file / registry content
lineage_02676,9,ParentImage,1,process / file / registry content
lineage_02676,9,ParentImage,1,process / file / registry content
lineage_02676,9,ParentImage,1,process / file / registry content
lineage_02676,12,ParentImage,1,process / file / registry content
lineage_02676,16,ParentImage,1,process / file / registry content
lineage_02676,17,ParentImage,1,process / file / registry content
lineage_02676,19,ParentImage,1,process / file / registry content
lineage_02676,19,ParentImage,1,process / file / registry content
lineage_03739,5,CommandLine,1,process / file / registry content
lineage_04251,2,CommandLine,1,process / file / registry content
lineage_00762,13,CommandLine,1,process / file / registry content
lineage_02165,9,Image,1,process / file / registry content
lineage_02165,11,Image,1,process / file / registry content
lineage_02165,11,Image,1,process / file / registry content
lineage_02269,13,ParentImage,1,process / file / registry content
lineage_02269,13,ParentImage,1,process / file / registry content
lineage_03790,5,Image,1,process / file / registry content
lineage_02155,11,Image,1,process / file / registry content
lineage_02155,14,OriginalFileName,1,process / file / registry content
lineage_02155,15,Image,1,process / file / registry content
lineage_02155,15,OriginalFileName,1,process / file / registry content
lineage_01067,15,CommandLine,1,process / file / registry content
lineage_01067,15,Image,1,process / file / registry content
lineage_01067,22,Image,1,process / file / registry content
lineage_01067,23,Image,1,process / file / registry content
lineage_01067,23,Image,1,process / file / registry content
lineage_01067,25,CommandLine,1,process / file / registry content
lineage_01067,25,Image,1,process / file / registry content
lineage_01067,26,CommandLine,1,process / file / registry content
lineage_01067,29,Image,1,process / file / registry content
lineage_01067,35,CommandLine,1,process / file / registry content
lineage_01067,36,CommandLine,1,process / file / registry content
lineage_01067,36,Image,1,process / file / registry content
lineage_01067,36,Image,1,process / file / registry content
lineage_01067,36,Image,1,process / file / registry content
lineage_01067,39,Image,1,process / file / registry content
lineage_01067,39,Image,1,process / file / registry content
lineage_01067,39,Image,1,process / file / registry content
lineage_01067,41,Image,1,process / file / registry content
lineage_01067,41,Image,1,process / file / registry content
lineage_01067,41,Image,1,process / file / registry content
lineage_01067,43,Image,1,process / file / registry content
lineage_01067,43,Image,1,process / file / registry content
lineage_01067,43,Image,1,process / file / registry content
lineage_02356,12,CommandLine,1,process / file / registry content
lineage_02356,12,CommandLine,1,process / file / registry content
lineage_02356,12,ParentImage,1,process / file / registry content
lineage_03932,10,Image,1,process / file / registry content
lineage_03932,11,CommandLine,1,process / file / registry content
lineage_03620,10,CommandLine,1,process / file / registry content
lineage_03252,21,CommandLine,1,process / file / registry content
lineage_03252,24,CommandLine,1,process / file / registry content
lineage_03252,24,CommandLine,1,process / file / registry content
lineage_03252,29,ParentImage,1,process / file / registry content
lineage_02414,6,Image,1,process / file / registry content
lineage_02414,11,CommandLine,1,process / file / registry content
lineage_02414,11,CommandLine,1,process / file / registry content
lineage_02414,11,Image,1,process / file / registry content
lineage_02414,13,CommandLine,1,process / file / registry content
lineage_02414,13,CommandLine,1,process / file / registry content
lineage_00660,2,ParentImage,1,process / file / registry content
lineage_00660,2,ParentImage,1,process / file / registry content
lineage_00660,7,ParentImage,1,process / file / registry content
lineage_00660,11,ParentImage,1,process / file / registry content
lineage_00660,11,ParentImage,1,process / file / registry content
lineage_00660,16,ParentImage,1,process / file / registry content
lineage_04641,4,CommandLine,1,process / file / registry content
lineage_04641,4,CommandLine,1,process / file / registry content
lineage_00796,2,Image,1,process / file / registry content
lineage_00796,9,Image,1,process / file / registry content
lineage_00796,9,Image,1,process / file / registry content
lineage_00796,9,Image,1,process / file / registry content
lineage_00885,3,ParentImage,1,process / file / registry content
lineage_00885,8,ParentImage,1,process / file / registry content
lineage_03495,11,Image,1,process / file / registry content
lineage_03495,14,Image,1,process / file / registry content
lineage_03495,14,Image,1,process / file / registry content
lineage_01516,6,CommandLine,1,process / file / registry content
lineage_01777,2,ParentCommandLine,1,process / file / registry content
lineage_00349,11,CommandLine,1,process / file / registry content
lineage_00349,12,CommandLine,1,process / file / registry content
lineage_04067,5,Username,3,account identity
lineage_04067,7,Image,1,process / file / registry content
lineage_04067,8,LogonId,4,system-assigned
lineage_04067,10,SubjectLogonId,4,system-assigned
lineage_04067,14,User,3,account identity
lineage_04067,21,Image,1,process / file / registry content
lineage_04067,21,Image,1,process / file / registry content
lineage_00054,8,CommandLine,1,process / file / registry content
lineage_02655,20,Image,1,process / file / registry content
lineage_02655,22,CommandLine,1,process / file / registry content
lineage_02655,22,Image,1,process / file / registry content
lineage_02655,22,Image,1,process / file / registry content
lineage_02655,22,Image,1,process / file / registry content
lineage_03504,2,ParentImage,1,process / file / registry content
lineage_00307,13,CommandLine,1,process / file / registry content
lineage_00307,13,CommandLine,1,process / file / registry content
lineage_00307,13,ParentImage,1,process / file / registry content
lineage_02094,3,CommandLine,1,process / file / registry content
lineage_02094,15,CommandLine,1,process / file / registry content
lineage_02094,15,CommandLine,1,process / file / registry content
lineage_02094,15,CommandLine,1,process / file / registry content
lineage_02094,15,CommandLine,1,process / file / registry content
lineage_02094,15,CommandLine,1,process / file / registry content
lineage_02094,17,CommandLine,1,process / file / registry content
lineage_02094,17,CommandLine,1,process / file / registry content
lineage_02094,17,CommandLine,1,process / file / registry content
lineage_02094,17,CommandLine,1,process / file / registry content
lineage_02094,17,CommandLine,1,process / file / registry content
lineage_02094,19,CommandLine,1,process / file / registry content
lineage_02094,19,CommandLine,1,process / file / registry content
lineage_02094,19,CommandLine,1,process / file / registry content
lineage_02094,19,CommandLine,1,process / file / registry content
lineage_02094,19,CommandLine,1,process / file / registry content
lineage_00094,8,CommandLine,1,process / file / registry content
lineage_00094,10,CommandLine,1,process / file / registry content
lineage_02405,3,CommandLine,1,process / file / registry content
lineage_02195,10,Image,1,process / file / registry content
lineage_03127,4,Image,1,process / file / registry content
lineage_03127,6,Image,1,process / file / registry content
lineage_03127,9,Image,1,process / file / registry content
lineage_03127,11,Image,1,process / file / registry content
lineage_03127,11,Image,1,process / file / registry content
lineage_03127,11,Image,1,process / file / registry content
lineage_03127,11,Image,1,process / file / registry content
lineage_03127,11,Image,1,process / file / registry content
lineage_03127,11,Image,1,process / file / registry content
lineage_03127,11,Image,1,process / file / registry content
lineage_03127,11,Image,1,process / file / registry content
lineage_03127,11,Image,1,process / file / registry content
lineage_01626,10,c-uri,2,network identity
lineage_01626,10,c-uri,2,network identity
lineage_02843,8,c-useragent,3,account identity
lineage_01538,3,r-dns,2,network identity
lineage_03080,10,r-dns,2,network identity
lineage_03080,11,r-dns,2,network identity
lineage_01427,4,UserAgent,3,account identity
lineage_01427,20,r-dns,2,network identity
lineage_01274,2,dst_ip,2,network identity
lineage_01274,2,dst_ip,2,network identity
lineage_01274,2,dst_ip,2,network identity
lineage_01274,2,dst_ip,2,network identity
lineage_01274,3,dst_ip,2,network identity
lineage_01274,3,dst_ip,2,network identity
lineage_01274,3,dst_ip,2,network identity
lineage_01274,5,dst_ip,2,network identity
lineage_02910,10,Image,1,process / file / registry content
lineage_02910,11,ProcessId,4,system-assigned
lineage_02910,12,Image,1,process / file / registry content
lineage_02910,13,Image,1,process / file / registry content
lineage_02910,14,Image,1,process / file / registry content
lineage_02910,15,Image,1,process / file / registry content
lineage_02910,16,Image,1,process / file / registry content
lineage_02910,16,Image,1,process / file / registry content
lineage_02910,17,Image,1,process / file / registry content
lineage_02910,18,Image,1,process / file / registry content
lineage_02910,18,Image,1,process / file / registry content
lineage_02910,19,Image,1,process / file / registry content
lineage_02910,19,Image,1,process / file / registry content
lineage_02910,19,Image,1,process / file / registry content
lineage_02910,19,Image,1,process / file / registry content
lineage_02910,21,Image,1,process / file / registry content
lineage_02910,21,Image,1,process / file / registry content
lineage_02910,22,Image,1,process / file / registry content
lineage_02910,23,Image,1,process / file / registry content
lineage_02910,23,Image,1,process / file / registry content
lineage_02910,23,Image,1,process / file / registry content
lineage_02910,23,Image,1,process / file / registry content
lineage_02910,23,Image,1,process / file / registry content
lineage_02910,23,Image,1,process / file / registry content
lineage_02910,25,Image,1,process / file / registry content
lineage_02910,27,Image,1,process / file / registry content
lineage_02910,27,Image,1,process / file / registry content
lineage_02910,30,Image,1,process / file / registry content
lineage_02910,30,Image,1,process / file / registry content
lineage_02910,30,Image,1,process / file / registry content
lineage_02910,31,Image,1,process / file / registry content
lineage_02910,32,Image,1,process / file / registry content
lineage_02910,32,Image,1,process / file / registry content
lineage_02910,33,Image,1,process / file / registry content
lineage_02910,34,Image,1,process / file / registry content
lineage_02910,34,Image,1,process / file / registry content
lineage_02910,36,Image,1,process / file / registry content
lineage_02910,36,Image,1,process / file / registry content
lineage_02910,36,Image,1,process / file / registry content
lineage_02910,39,Image,1,process / file / registry content
lineage_02910,39,Image,1,process / file / registry content
lineage_02910,39,Image,1,process / file / registry content
lineage_02910,39,Image,1,process / file / registry content
lineage_02910,40,Image,1,process / file / registry content
lineage_02910,40,Image,1,process / file / registry content
lineage_02910,42,Image,1,process / file / registry content
lineage_02910,45,Image,1,process / file / registry content
lineage_02910,45,Image,1,process / file / registry content
lineage_02910,46,Image,1,process / file / registry content
lineage_02910,46,Image,1,process / file / registry content
lineage_02910,46,Image,1,process / file / registry content
lineage_02910,46,Image,1,process / file / registry content
lineage_02910,46,Image,1,process / file / registry content
lineage_02910,46,Image,1,process / file / registry content
lineage_02910,46,Image,1,process / file / registry content
lineage_00033,10,TargetObject,1,process / file / registry content
lineage_00033,11,TargetObject,1,process / file / registry content
lineage_00900,3,TargetObject,1,process / file / registry content
lineage_04262,2,Image,1,process / file / registry content
lineage_04262,2,Image,1,process / file / registry content
lineage_01567,17,Image,1,process / file / registry content
lineage_01567,17,Image,1,process / file / registry content
lineage_00293,8,Image,1,process / file / registry content
lineage_00293,8,Image,1,process / file / registry content
lineage_00293,8,Image,1,process / file / registry content
lineage_00293,9,Image,1,process / file / registry content
lineage_00293,9,TargetObject,1,process / file / registry content
lineage_00293,10,Image,1,process / file / registry content
lineage_00293,10,Image,1,process / file / registry content
lineage_00293,16,Image,1,process / file / registry content
lineage_00293,16,TargetObject,1,process / file / registry content
lineage_00293,16,TargetObject,1,process / file / registry content
lineage_00293,17,Image,1,process / file / registry content
lineage_00293,17,Image,1,process / file / registry content
lineage_00293,17,Image,1,process / file / registry content
lineage_00293,17,TargetObject,1,process / file / registry content
lineage_00293,19,Image,1,process / file / registry content
lineage_00293,19,TargetObject,1,process / file / registry content
lineage_00293,22,Image,1,process / file / registry content
lineage_00293,22,TargetObject,1,process / file / registry content
lineage_00293,22,Image,1,process / file / registry content
lineage_00293,28,Image,1,process / file / registry content
lineage_00293,28,Image,1,process / file / registry content
lineage_00293,29,Image,1,process / file / registry content
lineage_00293,29,Image,1,process / file / registry content
lineage_00293,29,Image,1,process / file / registry content
lineage_00293,29,TargetObject,1,process / file / registry content
lineage_00293,29,Image,1,process / file / registry content
lineage_00293,29,TargetObject,1,process / file / registry content
lineage_00293,29,Image,1,process / file / registry content
lineage_00293,29,Image,1,process / file / registry content
lineage_00293,29,Image,1,process / file / registry content
lineage_00293,29,Image,1,process / file / registry content
lineage_00293,29,Image,1,process / file / registry content
lineage_00293,29,TargetObject,1,process / file / registry content
lineage_00293,29,Image,1,process / file / registry content
lineage_00293,29,TargetObject,1,process / file / registry content
lineage_00293,29,Image,1,process / file / registry content
lineage_00293,29,Image,1,process / file / registry content
lineage_00293,29,Image,1,process / file / registry content
lineage_00293,29,Image,1,process / file / registry content
lineage_00293,29,Image,1,process / file / registry content
lineage_01643,21,Details,1,process / file / registry content
lineage_01643,23,TargetObject,1,process / file / registry content
lineage_01643,27,Image,1,process / file / registry content
lineage_01398,3,TargetObject,1,process / file / registry content
lineage_02092,2,Image,1,process / file / registry content
lineage_01111,15,Details,1,process / file / registry content
lineage_03855,5,Details,1,process / file / registry content
lineage_03855,5,Details,1,process / file / registry content
lineage_03855,9,Details,1,process / file / registry content
lineage_03855,9,Details,1,process / file / registry content
lineage_03855,13,Details,1,process / file / registry content
lineage_03855,13,Details,1,process / file / registry content
lineage_01791,13,Details,1,process / file / registry content
lineage_01791,13,Image,1,process / file / registry content
lineage_01791,13,TargetObject,1,process / file / registry content
lineage_01791,15,Image,1,process / file / registry content
lineage_01791,15,TargetObject,1,process / file / registry content
lineage_01013,14,Details,1,process / file / registry content
lineage_01013,14,Image,1,process / file / registry content
lineage_01586,4,Image,1,process / file / registry content
lineage_01586,4,TargetObject,1,process / file / registry content
lineage_01586,13,Details,1,process / file / registry content
lineage_01586,13,Image,1,process / file / registry content
lineage_01586,13,TargetObject,1,process / file / registry content
lineage_01586,14,Image,1,process / file / registry content
lineage_01586,14,TargetObject,1,process / file / registry content
lineage_01306,2,Details,1,process / file / registry content
lineage_01306,2,Image,1,process / file / registry content
lineage_01306,2,TargetObject,1,process / file / registry content
lineage_01306,2,User,3,account identity
lineage_01306,9,TargetObject,1,process / file / registry content
lineage_01306,9,TargetObject,1,process / file / registry content
lineage_01306,9,TargetObject,1,process / file / registry content
lineage_01306,9,TargetObject,1,process / file / registry content
lineage_02418,4,Details,1,process / file / registry content
lineage_02418,10,Details,1,process / file / registry content
lineage_02418,10,Details,1,process / file / registry content
lineage_02418,10,Image,1,process / file / registry content
lineage_02418,14,Image,1,process / file / registry content
lineage_02418,14,TargetObject,1,process / file / registry content
lineage_00883,6,Details,1,process / file / registry content
lineage_00883,6,TargetObject,1,process / file / registry content
lineage_00883,6,TargetObject,1,process / file / registry content
lineage_00883,8,Image,1,process / file / registry content
lineage_00883,9,Image,1,process / file / registry content
lineage_00883,9,Image,1,process / file / registry content
lineage_00883,9,Image,1,process / file / registry content
lineage_00883,13,TargetObject,1,process / file / registry content
lineage_00883,13,TargetObject,1,process / file / registry content
lineage_00883,24,Image,1,process / file / registry content
lineage_00883,26,Image,1,process / file / registry content
lineage_00883,26,Image,1,process / file / registry content
lineage_00385,4,Details,1,process / file / registry content
lineage_00385,4,Image,1,process / file / registry content
lineage_00385,4,TargetObject,1,process / file / registry content
lineage_00385,10,TargetObject,1,process / file / registry content
lineage_00385,10,User,3,account identity
lineage_00385,12,Details,1,process / file / registry content
lineage_00385,12,TargetObject,1,process / file / registry content
lineage_00385,12,Image,1,process / file / registry content
lineage_00385,12,TargetObject,1,process / file / registry content
lineage_00498,2,Image,1,process / file / registry content
lineage_00498,3,Image,1,process / file / registry content
lineage_00498,4,Image,1,process / file / registry content
lineage_00498,4,Image,1,process / file / registry content
lineage_00498,7,Image,1,process / file / registry content
lineage_00498,11,Image,1,process / file / registry content
lineage_00498,11,Image,1,process / file / registry content
lineage_00498,11,Image,1,process / file / registry content
lineage_00498,12,Image,1,process / file / registry content
lineage_00498,16,Image,1,process / file / registry content
lineage_00498,16,TargetObject,1,process / file / registry content
lineage_00498,17,Image,1,process / file / registry content
lineage_00498,18,Image,1,process / file / registry content
lineage_00498,19,Image,1,process / file / registry content
lineage_00498,26,Details,1,process / file / registry content
lineage_00498,26,Image,1,process / file / registry content
lineage_00498,26,Details,1,process / file / registry content
lineage_00498,26,Image,1,process / file / registry content
lineage_00498,27,Details,1,process / file / registry content
lineage_00498,27,Image,1,process / file / registry content
lineage_00498,30,Details,1,process / file / registry content
lineage_00498,30,Details,1,process / file / registry content
lineage_00498,30,TargetObject,1,process / file / registry content
lineage_00498,30,Details,1,process / file / registry content
lineage_00498,30,Image,1,process / file / registry content
lineage_00498,30,TargetObject,1,process / file / registry content
lineage_00498,31,Details,1,process / file / registry content
lineage_00498,31,TargetObject,1,process / file / registry content
lineage_00498,42,Image,1,process / file / registry content
lineage_00498,43,Details,1,process / file / registry content
lineage_00498,43,TargetObject,1,process / file / registry content
lineage_00498,43,Details,1,process / file / registry content
lineage_00498,43,Image,1,process / file / registry content
lineage_00498,43,TargetObject,1,process / file / registry content
lineage_00498,43,Details,1,process / file / registry content
lineage_00498,43,TargetObject,1,process / file / registry content
lineage_00498,43,Details,1,process / file / registry content
lineage_00498,43,Image,1,process / file / registry content
lineage_00498,43,Details,1,process / file / registry content
lineage_00498,43,Image,1,process / file / registry content
lineage_00498,44,Details,1,process / file / registry content
lineage_00498,44,Image,1,process / file / registry content
lineage_00498,44,Image,1,process / file / registry content
lineage_02194,7,Image,1,process / file / registry content
lineage_02194,7,Image,1,process / file / registry content
lineage_02194,11,Details,1,process / file / registry content
lineage_02194,11,Image,1,process / file / registry content
lineage_02194,11,TargetObject,1,process / file / registry content
lineage_02194,12,Image,1,process / file / registry content
lineage_02194,12,Image,1,process / file / registry content
lineage_02194,13,Details,1,process / file / registry content
lineage_02194,13,Details,1,process / file / registry content
lineage_02194,13,Image,1,process / file / registry content
lineage_02194,13,TargetObject,1,process / file / registry content
lineage_02194,13,TargetObject,1,process / file / registry content
lineage_02194,13,TargetObject,1,process / file / registry content
lineage_02194,22,Image,1,process / file / registry content
lineage_02194,22,TargetObject,1,process / file / registry content
lineage_02194,23,Details,1,process / file / registry content
lineage_02194,23,Image,1,process / file / registry content
lineage_02194,23,TargetObject,1,process / file / registry content
lineage_02194,23,TargetObject,1,process / file / registry content
lineage_02194,24,Details,1,process / file / registry content
lineage_02194,26,Image,1,process / file / registry content
lineage_00539,4,TargetObject,1,process / file / registry content
lineage_00539,4,TargetObject,1,process / file / registry content
lineage_00577,4,TargetObject,1,process / file / registry content
lineage_00577,4,TargetObject,1,process / file / registry content
lineage_00577,6,Image,1,process / file / registry content
lineage_00577,6,Image,1,process / file / registry content
lineage_00577,10,Image,1,process / file / registry content
lineage_00577,10,TargetObject,1,process / file / registry content
lineage_00577,14,Image,1,process / file / registry content
lineage_00577,14,Image,1,process / file / registry content
lineage_00577,14,Image,1,process / file / registry content
lineage_00577,14,TargetObject,1,process / file / registry content
lineage_00577,21,Image,1,process / file / registry content
lineage_00577,21,Image,1,process / file / registry content
lineage_00577,21,TargetObject,1,process / file / registry content
lineage_00577,22,TargetObject,1,process / file / registry content
lineage_00199,3,Image,1,process / file / registry content
lineage_00199,5,Image,1,process / file / registry content
lineage_00855,3,Image,1,process / file / registry content
lineage_00855,3,Image,1,process / file / registry content
lineage_00855,5,Details,1,process / file / registry content
lineage_00855,5,Details,1,process / file / registry content
lineage_00855,5,Details,1,process / file / registry content
lineage_00855,5,Details,1,process / file / registry content
lineage_00855,5,Details,1,process / file / registry content
lineage_00855,5,Image,1,process / file / registry content
lineage_00855,5,TargetObject,1,process / file / registry content
lineage_00855,5,Image,1,process / file / registry content
lineage_00855,5,TargetObject,1,process / file / registry content
lineage_00855,5,Image,1,process / file / registry content
lineage_00855,5,TargetObject,1,process / file / registry content
lineage_00855,5,Details,1,process / file / registry content
lineage_00855,5,Details,1,process / file / registry content
lineage_00855,5,TargetObject,1,process / file / registry content
lineage_00855,7,Image,1,process / file / registry content
lineage_00855,7,Image,1,process / file / registry content
lineage_00855,11,Details,1,process / file / registry content
lineage_00855,17,Details,1,process / file / registry content
lineage_00855,17,Image,1,process / file / registry content
lineage_00855,19,Details,1,process / file / registry content
lineage_00855,19,Image,1,process / file / registry content
lineage_00855,19,Image,1,process / file / registry content
lineage_00855,20,Details,1,process / file / registry content
lineage_00855,20,Image,1,process / file / registry content
lineage_00855,20,Details,1,process / file / registry content
lineage_00855,23,Image,1,process / file / registry content
lineage_00855,23,TargetObject,1,process / file / registry content
lineage_00855,23,Image,1,process / file / registry content
lineage_00855,23,TargetObject,1,process / file / registry content
lineage_00855,29,Details,1,process / file / registry content
lineage_00855,29,TargetObject,1,process / file / registry content
lineage_00855,29,Details,1,process / file / registry content
lineage_00855,29,Image,1,process / file / registry content
lineage_00855,29,Details,1,process / file / registry content
lineage_00855,29,Image,1,process / file / registry content
lineage_00855,29,TargetObject,1,process / file / registry content
lineage_00855,29,Details,1,process / file / registry content
lineage_00855,29,TargetObject,1,process / file / registry content
lineage_00819,4,Details,1,process / file / registry content
lineage_00819,18,Details,1,process / file / registry content
lineage_00819,18,Details,1,process / file / registry content
lineage_00929,10,Details,1,process / file / registry content
lineage_02895,6,Details,1,process / file / registry content
lineage_04215,2,Image,1,process / file / registry content
lineage_04215,6,Image,1,process / file / registry content
lineage_04215,6,Image,1,process / file / registry content
lineage_04215,6,Image,1,process / file / registry content
lineage_03582,5,Image,1,process / file / registry content
lineage_03582,5,Image,1,process / file / registry content
lineage_03582,11,Details,1,process / file / registry content
lineage_03582,11,Image,1,process / file / registry content
lineage_03582,11,TargetObject,1,process / file / registry content
lineage_03143,2,Details,1,process / file / registry content
lineage_03143,2,Image,1,process / file / registry content
lineage_01176,4,Details,1,process / file / registry content
lineage_00409,5,Details,1,process / file / registry content
lineage_00409,5,TargetObject,1,process / file / registry content
lineage_00409,5,Image,1,process / file / registry content
lineage_00409,6,Image,1,process / file / registry content
lineage_04705,5,Image,1,process / file / registry content
lineage_04705,13,Image,1,process / file / registry content
lineage_04705,13,Image,1,process / file / registry content
lineage_04705,13,TargetObject,1,process / file / registry content
lineage_04590,4,Image,1,process / file / registry content
lineage_04590,4,Image,1,process / file / registry content
lineage_04590,4,Image,1,process / file / registry content
lineage_04590,4,Image,1,process / file / registry content
lineage_04433,2,TargetObject,1,process / file / registry content
lineage_04433,4,Image,1,process / file / registry content
lineage_04433,4,Image,1,process / file / registry content
lineage_04433,4,TargetObject,1,process / file / registry content
lineage_04433,7,Image,1,process / file / registry content
lineage_04433,7,TargetObject,1,process / file / registry content
lineage_04433,9,TargetObject,1,process / file / registry content
lineage_04433,11,Image,1,process / file / registry content
lineage_04433,13,TargetObject,1,process / file / registry content
lineage_04433,14,TargetObject,1,process / file / registry content
lineage_04433,15,Image,1,process / file / registry content
lineage_04433,15,TargetObject,1,process / file / registry content
lineage_04433,18,TargetObject,1,process / file / registry content
lineage_02492,7,Image,1,process / file / registry content
lineage_02492,7,Image,1,process / file / registry content
lineage_02492,8,Image,1,process / file / registry content
lineage_01903,5,Details,1,process / file / registry content
lineage_01903,5,Image,1,process / file / registry content
lineage_01903,5,Image,1,process / file / registry content
lineage_01903,5,Image,1,process / file / registry content
lineage_03198,2,TargetObject,1,process / file / registry content
lineage_00492,4,Details,1,process / file / registry content
lineage_00492,4,Image,1,process / file / registry content
lineage_03337,3,TargetObject,1,process / file / registry content
lineage_03337,4,Image,1,process / file / registry content
lineage_03621,3,Image,1,process / file / registry content
lineage_03621,3,Image,1,process / file / registry content
lineage_03621,3,Image,1,process / file / registry content
lineage_04532,2,Image,1,process / file / registry content
lineage_04532,4,Image,1,process / file / registry content
lineage_04532,10,Image,1,process / file / registry content
lineage_04532,10,TargetObject,1,process / file / registry content
lineage_04532,10,Image,1,process / file / registry content
lineage_04532,10,TargetObject,1,process / file / registry content
lineage_04532,10,Image,1,process / file / registry content
lineage_00418,25,Image,1,process / file / registry content
lineage_00090,7,Image,1,process / file / registry content
lineage_01942,3,Details,1,process / file / registry content
lineage_01942,3,Details,1,process / file / registry content
lineage_01735,2,Details,1,process / file / registry content
lineage_01735,3,Details,1,process / file / registry content
lineage_01735,5,TargetObject,1,process / file / registry content
lineage_01735,9,TargetObject,1,process / file / registry content
lineage_01735,14,TargetObject,1,process / file / registry content
lineage_01735,19,Image,1,process / file / registry content
lineage_01735,19,TargetObject,1,process / file / registry content
lineage_01551,5,Image,1,process / file / registry content
lineage_01551,5,TargetObject,1,process / file / registry content
lineage_01662,2,Image,1,process / file / registry content
lineage_01662,5,Image,1,process / file / registry content
lineage_01662,5,Image,1,process / file / registry content
lineage_01662,10,Image,1,process / file / registry content
lineage_01662,10,TargetObject,1,process / file / registry content
lineage_01662,13,Image,1,process / file / registry content
lineage_01662,14,Image,1,process / file / registry content
lineage_01662,17,Image,1,process / file / registry content
lineage_01662,20,Image,1,process / file / registry content
lineage_01662,20,Image,1,process / file / registry content
lineage_01662,20,Image,1,process / file / registry content
lineage_01662,20,Image,1,process / file / registry content
lineage_01662,20,Image,1,process / file / registry content
lineage_01662,20,Image,1,process / file / registry content
lineage_01662,20,Image,1,process / file / registry content
lineage_01662,20,Image,1,process / file / registry content
lineage_01662,20,TargetObject,1,process / file / registry content
lineage_00039,11,Image,1,process / file / registry content
lineage_00039,11,Image,1,process / file / registry content
lineage_02580,8,Details,1,process / file / registry content
lineage_02580,8,Details,1,process / file / registry content
lineage_02580,8,Details,1,process / file / registry content
lineage_02580,8,Details,1,process / file / registry content
lineage_02580,8,Details,1,process / file / registry content
lineage_02580,8,Details,1,process / file / registry content
lineage_02580,10,Details,1,process / file / registry content
lineage_02580,10,Details,1,process / file / registry content
lineage_02580,10,Details,1,process / file / registry content
lineage_02580,17,Details,1,process / file / registry content
lineage_02580,18,Details,1,process / file / registry content
lineage_02580,18,Image,1,process / file / registry content
lineage_02580,19,Image,1,process / file / registry content
lineage_02580,19,Image,1,process / file / registry content
lineage_02580,20,Image,1,process / file / registry content
lineage_02580,20,Image,1,process / file / registry content
lineage_02580,22,Image,1,process / file / registry content
lineage_02580,22,Image,1,process / file / registry content
lineage_02580,22,Image,1,process / file / registry content
lineage_02580,24,Image,1,process / file / registry content
lineage_02580,26,Details,1,process / file / registry content
lineage_02580,26,Details,1,process / file / registry content
lineage_02580,26,Details,1,process / file / registry content
lineage_02580,27,Details,1,process / file / registry content
lineage_02580,29,Image,1,process / file / registry content
lineage_02580,36,Details,1,process / file / registry content
lineage_02580,38,Details,1,process / file / registry content
lineage_02580,39,Details,1,process / file / registry content
lineage_02580,39,Image,1,process / file / registry content
lineage_02580,42,Details,1,process / file / registry content
lineage_02580,42,Image,1,process / file / registry content
lineage_02580,45,Details,1,process / file / registry content
lineage_02580,45,Image,1,process / file / registry content
lineage_02580,45,Image,1,process / file / registry content
lineage_02580,45,TargetObject,1,process / file / registry content
lineage_00723,14,Details,1,process / file / registry content
lineage_02446,2,Image,1,process / file / registry content
lineage_02446,3,Image,1,process / file / registry content
lineage_01856,4,Image,1,process / file / registry content
lineage_01856,6,Image,1,process / file / registry content
lineage_04376,3,Details,1,process / file / registry content
lineage_01064,8,Details,1,process / file / registry content
lineage_01064,9,Details,1,process / file / registry content
lineage_01064,9,Image,1,process / file / registry content
lineage_01064,9,TargetObject,1,process / file / registry content
lineage_01064,12,Image,1,process / file / registry content
lineage_04329,3,Image,1,process / file / registry content
lineage_04329,4,Details,1,process / file / registry content
lineage_04329,5,Details,1,process / file / registry content
lineage_04329,5,Image,1,process / file / registry content
lineage_04329,5,TargetObject,1,process / file / registry content
lineage_02578,7,TargetObject,1,process / file / registry content
lineage_02578,12,TargetObject,1,process / file / registry content
lineage_02578,15,TargetObject,1,process / file / registry content
lineage_03578,8,Details,1,process / file / registry content
lineage_03578,34,Details,1,process / file / registry content
lineage_03578,34,Details,1,process / file / registry content
lineage_03578,34,Image,1,process / file / registry content
lineage_03578,35,Details,1,process / file / registry content
lineage_03578,35,Details,1,process / file / registry content
lineage_03578,35,Details,1,process / file / registry content
lineage_03578,35,TargetObject,1,process / file / registry content
lineage_03578,37,Details,1,process / file / registry content
lineage_03578,37,Details,1,process / file / registry content
lineage_03578,37,Details,1,process / file / registry content
lineage_03578,37,TargetObject,1,process / file / registry content
lineage_03578,40,Details,1,process / file / registry content
lineage_03578,40,Image,1,process / file / registry content
lineage_03578,40,TargetObject,1,process / file / registry content
lineage_02603,26,Image,1,process / file / registry content
lineage_04229,7,Details,1,process / file / registry content
lineage_04229,7,Details,1,process / file / registry content
lineage_04229,7,Details,1,process / file / registry content
lineage_04229,7,Details,1,process / file / registry content
lineage_02292,8,TargetObject,1,process / file / registry content
lineage_02292,9,TargetObject,1,process / file / registry content
lineage_02292,10,Image,1,process / file / registry content
lineage_02292,10,TargetObject,1,process / file / registry content
lineage_02292,11,TargetObject,1,process / file / registry content
lineage_02292,12,TargetObject,1,process / file / registry content
lineage_02292,14,TargetObject,1,process / file / registry content
lineage_02292,18,TargetObject,1,process / file / registry content
lineage_02292,19,TargetObject,1,process / file / registry content
lineage_02292,20,TargetObject,1,process / file / registry content
lineage_02292,22,Image,1,process / file / registry content
lineage_02292,22,Image,1,process / file / registry content
lineage_02292,22,TargetObject,1,process / file / registry content
lineage_02292,23,Image,1,process / file / registry content
lineage_02292,23,Image,1,process / file / registry content
lineage_02292,23,TargetObject,1,process / file / registry content
lineage_02292,24,TargetObject,1,process / file / registry content
lineage_02292,26,Image,1,process / file / registry content
lineage_02292,27,Image,1,process / file / registry content
lineage_02292,28,Image,1,process / file / registry content
lineage_02292,28,TargetObject,1,process / file / registry content
lineage_02292,29,Image,1,process / file / registry content
lineage_02292,30,Image,1,process / file / registry content
lineage_02292,30,TargetObject,1,process / file / registry content
lineage_02292,31,Image,1,process / file / registry content
lineage_02292,37,Image,1,process / file / registry content
lineage_02292,37,Image,1,process / file / registry content
lineage_02292,39,Details,1,process / file / registry content
lineage_02292,39,Image,1,process / file / registry content
lineage_02292,39,Image,1,process / file / registry content
lineage_02292,39,Image,1,process / file / registry content
lineage_02292,39,Image,1,process / file / registry content
lineage_02292,39,Image,1,process / file / registry content
lineage_04243,13,Details,1,process / file / registry content
lineage_04243,13,TargetObject,1,process / file / registry content
lineage_04408,6,Details,1,process / file / registry content
lineage_04574,4,Image,1,process / file / registry content
lineage_04574,6,Image,1,process / file / registry content
lineage_04574,8,Image,1,process / file / registry content
lineage_04574,8,Image,1,process / file / registry content
lineage_04574,13,Image,1,process / file / registry content
lineage_00567,2,TargetObject,1,process / file / registry content
lineage_00567,6,Details,1,process / file / registry content
lineage_00567,6,Image,1,process / file / registry content
lineage_00567,6,TargetObject,1,process / file / registry content
lineage_00567,8,Details,1,process / file / registry content
lineage_04258,6,Image,1,process / file / registry content
lineage_04258,6,Image,1,process / file / registry content
lineage_04258,14,Image,1,process / file / registry content
lineage_04258,14,Image,1,process / file / registry content
lineage_04558,4,Image,1,process / file / registry content
lineage_01809,2,CommandLine,1,process / file / registry content
lineage_01809,4,CommandLine,1,process / file / registry content
lineage_01809,4,ParentCommandLine,1,process / file / registry content
lineage_01809,4,ParentImage,1,process / file / registry content
lineage_01960,10,Description,1,process / file / registry content
lineage_04578,4,State,4,system-assigned
lineage_01302,13,ProcessName,1,process / file / registry content
lineage_01302,23,SourceImage,1,process / file / registry content
lineage_01302,23,SourceImage,1,process / file / registry content
lineage_01302,25,SourceImage,1,process / file / registry content
lineage_04605,4,Commandline,1,process / file / registry content
lineage_00714,2,TargetFilename,1,process / file / registry content
lineage_03632,5,CurrentDirectory,1,process / file / registry content
lineage_03690,2,CurrentDirectory,1,process / file / registry content
lineage_03101,3,ParentImage,1,process / file / registry content
lineage_04125,2,Image,1,process / file / registry content
lineage_01293,2,cs-referer,2,network identity
lineage_03927,14,_raw,1,process / file / registry content
lineage_03927,14,_raw,1,process / file / registry content
lineage_00792,5,c-useragent,3,account identity
lineage_01009,8,sc-status,4,system-assigned
lineage_01009,9,_raw,1,process / file / registry content
lineage_00304,5,sc-status,4,system-assigned
lineage_00794,8,sc-status,4,system-assigned
lineage_00102,26,EventID,4,system-assigned
lineage_02484,2,Path,1,process / file / registry content
lineage_02484,3,Path,1,process / file / registry content
lineage_02484,3,Path,1,process / file / registry content
lineage_02484,9,Path,1,process / file / registry content
lineage_02484,10,Path,1,process / file / registry content
lineage_02484,11,Path,1,process / file / registry content
lineage_02484,12,Path,1,process / file / registry content
lineage_02484,13,Path,1,process / file / registry content
lineage_02484,14,Path,1,process / file / registry content
lineage_02484,14,Path,1,process / file / registry content
lineage_02484,14,Path,1,process / file / registry content
lineage_01286,21,_raw,1,process / file / registry content
lineage_01286,26,_raw,1,process / file / registry content
lineage_01286,27,_raw,1,process / file / registry content
lineage_01286,30,Level,4,system-assigned
lineage_01286,30,_raw,1,process / file / registry content
lineage_01286,30,_raw,1,process / file / registry content
lineage_01286,40,Provider_Name,4,system-assigned
lineage_01286,46,_raw,1,process / file / registry content
lineage_01286,46,_raw,1,process / file / registry content
lineage_00006,3,LocalName,1,process / file / registry content
lineage_00006,3,RemoteName,2,network identity
lineage_01813,2,RemoteName,2,network identity
lineage_04468,9,RemoteName,2,network identity
lineage_04468,10,RemoteName,2,network identity
lineage_01305,3,FileNameBuffer,1,process / file / registry content
lineage_01305,3,ProcessNameBuffer,1,process / file / registry content
lineage_01305,3,RequestedPolicy,6,operation parameters
lineage_01305,3,ValidatedPolicy,6,operation parameters
lineage_01305,3,FileNameBuffer,1,process / file / registry content
lineage_01305,3,FileNameBuffer,1,process / file / registry content
lineage_01305,3,ProcessNameBuffer,1,process / file / registry content
lineage_01305,3,ProcessNameBuffer,1,process / file / registry content
lineage_01305,3,RequestedPolicy,6,operation parameters
lineage_01305,3,FileNameBuffer,1,process / file / registry content
lineage_01305,3,ProcessNameBuffer,1,process / file / registry content
lineage_01305,3,RequestedPolicy,6,operation parameters
lineage_01305,4,FileNameBuffer,1,process / file / registry content
lineage_01305,5,RequestedPolicy,6,operation parameters
lineage_01305,6,ProcessNameBuffer,1,process / file / registry content
lineage_01305,9,FileNameBuffer,1,process / file / registry content
lineage_01305,9,ProcessNameBuffer,1,process / file / registry content
lineage_01305,9,RequestedPolicy,6,operation parameters
lineage_01305,9,ValidatedPolicy,6,operation parameters
lineage_01305,9,FileNameBuffer,1,process / file / registry content
lineage_01305,9,ProcessNameBuffer,1,process / file / registry content
lineage_01305,9,RequestedPolicy,6,operation parameters
lineage_01305,9,FileNameBuffer,1,process / file / registry content
lineage_01305,9,FileNameBuffer,1,process / file / registry content
lineage_01305,9,ProcessNameBuffer,1,process / file / registry content
lineage_01305,9,ProcessNameBuffer,1,process / file / registry content
lineage_01305,9,RequestedPolicy,6,operation parameters
lineage_01305,9,FileNameBuffer,1,process / file / registry content
lineage_01305,9,ProcessNameBuffer,1,process / file / registry content
lineage_01305,9,RequestedPolicy,6,operation parameters
lineage_01305,10,FileNameBuffer,1,process / file / registry content
lineage_01305,10,FileNameBuffer,1,process / file / registry content
lineage_01305,12,ProcessNameBuffer,1,process / file / registry content
lineage_01305,12,ProcessNameBuffer,1,process / file / registry content
lineage_01305,12,ProcessNameBuffer,1,process / file / registry content
lineage_01305,12,FileNameBuffer,1,process / file / registry content
lineage_01305,12,ProcessNameBuffer,1,process / file / registry content
lineage_01305,15,ProcessNameBuffer,1,process / file / registry content
lineage_01305,15,ProcessNameBuffer,1,process / file / registry content
lineage_01305,15,ProcessNameBuffer,1,process / file / registry content
lineage_01305,15,FileNameBuffer,1,process / file / registry content
lineage_01305,15,ProcessNameBuffer,1,process / file / registry content
lineage_01305,16,FileNameBuffer,1,process / file / registry content
lineage_01305,16,ProcessNameBuffer,1,process / file / registry content
lineage_01305,16,ValidatedPolicy,6,operation parameters
lineage_01305,17,ProcessNameBuffer,1,process / file / registry content
lineage_01305,19,FileNameBuffer,1,process / file / registry content
lineage_01305,19,ProcessNameBuffer,1,process / file / registry content
lineage_01305,19,ProcessNameBuffer,1,process / file / registry content
lineage_01305,19,ValidatedPolicy,6,operation parameters
lineage_01305,24,FileNameBuffer,1,process / file / registry content
lineage_01305,24,FileNameBuffer,1,process / file / registry content
lineage_01305,24,ProcessNameBuffer,1,process / file / registry content
lineage_01305,25,FileNameBuffer,1,process / file / registry content
lineage_01305,31,FileNameBuffer,1,process / file / registry content
lineage_01305,32,FileNameBuffer,1,process / file / registry content
lineage_01305,32,FileNameBuffer,1,process / file / registry content
lineage_01305,32,FileNameBuffer,1,process / file / registry content
lineage_01305,36,FileNameBuffer,1,process / file / registry content
lineage_01305,37,FileNameBuffer,1,process / file / registry content
lineage_01305,37,ProcessNameBuffer,1,process / file / registry content
lineage_01305,38,FileNameBuffer,1,process / file / registry content
lineage_01305,38,FileNameBuffer,1,process / file / registry content
lineage_01305,38,ProcessNameBuffer,1,process / file / registry content
lineage_01305,38,ProcessNameBuffer,1,process / file / registry content
lineage_01305,38,FileNameBuffer,1,process / file / registry content
lineage_01305,40,FileNameBuffer,1,process / file / registry content
lineage_01305,40,ProcessNameBuffer,1,process / file / registry content
lineage_04297,4,FileNameBuffer,1,process / file / registry content
lineage_04297,5,FileNameBuffer,1,process / file / registry content
lineage_02135,13,ProcessName,1,process / file / registry content
lineage_02135,13,ProcessName,1,process / file / registry content
lineage_02135,16,ProcessName,1,process / file / registry content
lineage_02135,16,ProcessName,1,process / file / registry content
lineage_02135,16,ProcessName,1,process / file / registry content
lineage_00452,3,Feature_Name,4,system-assigned
lineage_00452,3,Reason,4,system-assigned
lineage_00242,11,_raw,1,process / file / registry content
lineage_03503,2,ModifyingApplication,1,process / file / registry content
lineage_03503,3,ApplicationPath,1,process / file / registry content
lineage_03503,3,ModifyingApplication,1,process / file / registry content
lineage_03503,4,ModifyingApplication,1,process / file / registry content
lineage_03503,5,ApplicationPath,1,process / file / registry content
lineage_03503,5,ModifyingApplication,1,process / file / registry content
lineage_03503,6,ApplicationPath,1,process / file / registry content
lineage_03503,6,ModifyingApplication,1,process / file / registry content
lineage_03503,7,ModifyingApplication,1,process / file / registry content
lineage_03503,8,ModifyingApplication,1,process / file / registry content
lineage_03503,10,ModifyingApplication,1,process / file / registry content
lineage_03503,10,ModifyingApplication,1,process / file / registry content
lineage_03503,17,ApplicationPath,1,process / file / registry content
lineage_03503,20,ApplicationPath,1,process / file / registry content
lineage_03503,20,ModifyingApplication,1,process / file / registry content
lineage_03503,20,ModifyingApplication,1,process / file / registry content
lineage_03503,20,ModifyingApplication,1,process / file / registry content
lineage_03503,20,ApplicationPath,1,process / file / registry content
lineage_03503,20,ApplicationPath,1,process / file / registry content
lineage_03503,22,ApplicationPath,1,process / file / registry content
lineage_03503,22,ApplicationPath,1,process / file / registry content
lineage_03503,22,ModifyingApplication,1,process / file / registry content
lineage_03503,22,ApplicationPath,1,process / file / registry content
lineage_03503,22,ModifyingApplication,1,process / file / registry content
lineage_03503,22,ModifyingApplication,1,process / file / registry content
lineage_03503,22,ModifyingApplication,1,process / file / registry content
lineage_02480,3,ApplicationPath,1,process / file / registry content
lineage_02480,4,ApplicationPath,1,process / file / registry content
lineage_02480,6,ApplicationPath,1,process / file / registry content
lineage_02480,6,ApplicationPath,1,process / file / registry content
lineage_02480,6,ApplicationPath,1,process / file / registry content
lineage_02480,6,ApplicationPath,1,process / file / registry content
lineage_02480,6,ApplicationPath,1,process / file / registry content
lineage_02480,6,ApplicationPath,1,process / file / registry content
lineage_01123,3,ModifyingApplication,1,process / file / registry content
lineage_01123,9,ApplicationPath,1,process / file / registry content
lineage_01123,9,ApplicationPath,1,process / file / registry content
lineage_01123,9,ApplicationPath,1,process / file / registry content
lineage_01123,9,ApplicationPath,1,process / file / registry content
lineage_01123,9,ApplicationPath,1,process / file / registry content
lineage_01123,9,ApplicationPath,1,process / file / registry content
lineage_01123,9,ApplicationPath,1,process / file / registry content
lineage_00799,2,ModifyingApplication,1,process / file / registry content
lineage_00799,2,ModifyingApplication,1,process / file / registry content
lineage_00799,2,ModifyingApplication,1,process / file / registry content
lineage_00799,2,ModifyingApplication,1,process / file / registry content
lineage_04231,3,ModifyingApplication,1,process / file / registry content
lineage_04231,4,ModifyingApplication,1,process / file / registry content
lineage_04231,7,ModifyingApplication,1,process / file / registry content
lineage_04231,7,ModifyingApplication,1,process / file / registry content
lineage_04231,12,ModifyingApplication,1,process / file / registry content
lineage_04231,17,ModifyingApplication,1,process / file / registry content
lineage_01548,3,Data,1,process / file / registry content
lineage_01548,4,Data,1,process / file / registry content
lineage_02192,6,Data,1,process / file / registry content
lineage_00436,10,ObjectType,4,system-assigned
lineage_00436,11,ObjectType,4,system-assigned
lineage_00436,14,ObjectClass,4,system-assigned
lineage_03695,13,SubjectUserName,3,account identity
lineage_00566,5,SubjectUserName,3,account identity
lineage_03070,4,SubjectUserSid,3,account identity
lineage_00480,10,AllowedToDelegateTo,3,account identity
lineage_00480,28,AllowedToDelegateTo,3,account identity
lineage_01059,14,param1,6,operation parameters
lineage_01059,14,param1,6,operation parameters
lineage_00056,4,SubjectDomainName,3,account identity
lineage_00056,4,SubjectUserName,3,account identity
lineage_00056,9,SubjectUserName,3,account identity
lineage_00056,10,SubjectUserName,3,account identity
lineage_00056,10,SubjectUserName,3,account identity
lineage_04305,23,SubcategoryGuid,4,system-assigned
lineage_01763,11,TargetUserName,3,account identity
lineage_00670,4,ObjectName,1,process / file / registry content
lineage_00670,12,ObjectName,1,process / file / registry content
lineage_01416,3,RelativeTargetName,2,network identity
lineage_01416,5,RelativeTargetName,2,network identity
lineage_01416,16,RelativeTargetName,2,network identity
lineage_01416,18,RelativeTargetName,2,network identity
lineage_01416,24,RelativeTargetName,2,network identity
lineage_01363,8,ProcessName,1,process / file / registry content
lineage_01363,17,AccessMask,6,operation parameters
lineage_01363,17,ProcessName,1,process / file / registry content
lineage_01363,21,ProcessName,1,process / file / registry content
lineage_01363,24,ProcessName,1,process / file / registry content
lineage_02071,17,EventID,4,system-assigned
lineage_02071,17,TargetUserName,3,account identity
lineage_01301,3,CertThumbprint,1,process / file / registry content
lineage_00978,5,AccountName,3,account identity
lineage_02470,17,Application,1,process / file / registry content
lineage_02470,19,FilterOrigin,6,operation parameters
lineage_00118,5,TaskName,1,process / file / registry content
lineage_00118,8,TaskName,1,process / file / registry content
lineage_00327,5,SubjectLogonId,4,system-assigned
lineage_02066,4,SubjectLogonId,4,system-assigned
lineage_02066,12,ProcessName,1,process / file / registry content
lineage_03041,12,IpAddress,2,network identity
lineage_02389,2,SubjectUserName,3,account identity
lineage_02389,6,IpAddress,2,network identity
lineage_02389,6,IpAddress,2,network identity
lineage_02389,6,IpAddress,2,network identity
lineage_02389,15,IpAddress,2,network identity
lineage_02389,15,IpAddress,2,network identity
lineage_02389,15,IpAddress,2,network identity
lineage_02389,15,IpAddress,2,network identity
lineage_02467,4,IpAddress,2,network identity
lineage_02467,5,IpAddress,2,network identity
lineage_02467,15,IpAddress,2,network identity
lineage_02467,15,IpAddress,2,network identity
lineage_02467,15,IpAddress,2,network identity
lineage_02467,15,IpAddress,2,network identity
lineage_03040,7,SidHistory,3,account identity
lineage_03054,18,SubjectUserSid,3,account identity
lineage_00710,14,IpAddress,2,network identity
lineage_00710,14,IpAddress,2,network identity
lineage_00710,14,IpAddress,2,network identity
lineage_00710,14,IpAddress,2,network identity
lineage_00710,14,IpAddress,2,network identity
lineage_00710,14,IpAddress,2,network identity
lineage_00710,14,IpAddress,2,network identity
lineage_00710,14,IpAddress,2,network identity
lineage_02982,12,SubjectUserName,3,account identity
lineage_02982,12,TargetUserName,3,account identity
lineage_01340,8,ProcessName,1,process / file / registry content
lineage_01340,9,ProcessName,1,process / file / registry content
lineage_01340,10,ProcessName,1,process / file / registry content
lineage_01340,10,ProcessName,1,process / file / registry content
lineage_01340,13,ProcessName,1,process / file / registry content
lineage_01340,14,ProcessName,1,process / file / registry content
lineage_01340,19,ProcessName,1,process / file / registry content
lineage_01340,19,ProcessName,1,process / file / registry content
lineage_01340,22,ProcessName,1,process / file / registry content
lineage_01340,22,ProcessName,1,process / file / registry content
lineage_01340,24,AccessMask,6,operation parameters
lineage_01340,24,ProcessName,1,process / file / registry content
lineage_01340,26,AccessMask,6,operation parameters
lineage_01340,26,ProcessName,1,process / file / registry content
lineage_01340,28,ProcessName,1,process / file / registry content
lineage_01340,31,ProcessName,1,process / file / registry content
lineage_01340,32,AccessList,6,operation parameters
lineage_01340,32,ProcessName,1,process / file / registry content
lineage_01340,32,ProcessName,1,process / file / registry content
lineage_01340,32,ProcessName,1,process / file / registry content
lineage_01340,32,ProcessName,1,process / file / registry content
lineage_01340,33,ProcessName,1,process / file / registry content
lineage_01340,34,ProcessName,1,process / file / registry content
lineage_01340,34,ProcessName,1,process / file / registry content
lineage_01340,34,ProcessName,1,process / file / registry content
lineage_01340,37,ProcessName,1,process / file / registry content
lineage_01340,38,ProcessName,1,process / file / registry content
lineage_01340,39,ProcessName,1,process / file / registry content
lineage_01340,39,ProcessName,1,process / file / registry content
lineage_01340,40,ProcessName,1,process / file / registry content
lineage_01340,40,ProcessName,1,process / file / registry content
lineage_01340,40,ProcessName,1,process / file / registry content
lineage_01340,40,ProcessName,1,process / file / registry content
lineage_01340,40,ProcessName,1,process / file / registry content
lineage_01340,40,ProcessName,1,process / file / registry content
lineage_01340,40,ProcessName,1,process / file / registry content
lineage_01340,40,ProcessName,1,process / file / registry content
lineage_01340,40,ProcessName,1,process / file / registry content
lineage_01340,40,ProcessName,1,process / file / registry content
lineage_01340,41,ProcessName,1,process / file / registry content
lineage_00330,19,Application,1,process / file / registry content
lineage_00330,21,Application,1,process / file / registry content
lineage_00330,21,Application,1,process / file / registry content
lineage_00330,21,Application,1,process / file / registry content
lineage_00330,21,Application,1,process / file / registry content
lineage_00330,21,Application,1,process / file / registry content
lineage_04266,8,IpPort,2,network identity
lineage_00594,3,SubjectUserName,3,account identity
lineage_00594,4,Task,4,system-assigned
lineage_00594,7,EventID,4,system-assigned
lineage_00594,7,Task,4,system-assigned
lineage_01033,15,ProcessName,1,process / file / registry content
lineage_01033,21,ProcessName,1,process / file / registry content
lineage_00212,8,ProcessName,1,process / file / registry content
lineage_00212,21,ProcessName,1,process / file / registry content
lineage_00212,21,ProcessName,1,process / file / registry content
lineage_00212,22,ProcessName,1,process / file / registry content
lineage_00212,24,ProcessName,1,process / file / registry content
lineage_00212,25,ProcessName,1,process / file / registry content
lineage_00212,26,ProcessName,1,process / file / registry content
lineage_00212,31,ProcessName,1,process / file / registry content
lineage_00212,31,ProcessName,1,process / file / registry content
lineage_00212,32,ProcessName,1,process / file / registry content
lineage_03405,6,ServerAddress,2,network identity
lineage_03405,6,ServerAddress,2,network identity
lineage_03405,6,ServerAddress,2,network identity
lineage_03405,6,ServerAddress,2,network identity
lineage_03405,6,ServerAddress,2,network identity
lineage_03405,8,Address,2,network identity
lineage_03405,9,Address,2,network identity
lineage_03405,9,Address,2,network identity
lineage_03405,9,ServerAddress,2,network identity
lineage_03405,9,ServerAddress,2,network identity
lineage_03405,9,ServerAddress,2,network identity
lineage_03405,9,ServerAddress,2,network identity
lineage_03405,11,RemoteAddress,2,network identity
lineage_00890,5,Image,1,process / file / registry content
lineage_00890,6,Image,1,process / file / registry content
lineage_04550,2,ParentImage,1,process / file / registry content
lineage_02309,5,Channel,4,system-assigned
lineage_02309,9,Channel,4,system-assigned
lineage_03164,5,ImagePath,1,process / file / registry content
lineage_03164,9,ImagePath,1,process / file / registry content
lineage_02156,2,ImagePath,1,process / file / registry content
lineage_02156,2,ServiceName,1,process / file / registry content
lineage_02156,8,ImagePath,1,process / file / registry content
lineage_01500,3,UserName,3,account identity
lineage_01793,31,PossibleCause,4,system-assigned
lineage_01793,31,Provider,4,system-assigned
lineage_01793,31,Query,2,network identity
lineage_01793,31,User,3,account identity
lineage_04184,8,answers,2,network identity
lineage_04184,8,rejected,4,system-assigned
lineage_00219,2,id.resp_p,2,network identity
lineage_00219,11,qtype_name,2,network identity
lineage_03482,8,id.resp_h,2,network identity
lineage_03482,8,id.resp_h,2,network identity
lineage_03482,8,id.resp_h,2,network identity
lineage_03482,9,id.resp_h,2,network identity
lineage_03482,9,id.resp_h,2,network identity
lineage_03726,6,id.orig_h,2,network identity
lineage_03726,11,id.orig_h,2,network identity
lineage_03726,11,id.orig_h,2,network identity
lineage_03726,11,id.orig_h,2,network identity
lineage_03726,11,id.orig_h,2,network identity
lineage_03726,11,id.orig_h,2,network identity
lineage_03726,11,id.orig_h,2,network identity
lineage_03726,11,id.orig_h,2,network identity
lineage_03726,11,id.orig_h,2,network identity
lineage_03726,12,id.orig_h,2,network identity
lineage_01296,12,_raw,1,process / file / registry content
lineage_01296,12,_raw,1,process / file / registry content
lineage_01296,12,_raw,1,process / file / registry content
lineage_01296,12,_raw,1,process / file / registry content
lineage_01296,12,_raw,1,process / file / registry content
lineage_01296,12,_raw,1,process / file / registry content
lineage_01296,12,_raw,1,process / file / registry content
lineage_01296,12,_raw,1,process / file / registry content
lineage_01296,12,_raw,1,process / file / registry content
lineage_01296,12,_raw,1,process / file / registry content
lineage_01296,12,_raw,1,process / file / registry content
lineage_01296,12,_raw,1,process / file / registry content
lineage_01296,12,_raw,1,process / file / registry content
lineage_01296,12,_raw,1,process / file / registry content
lineage_01296,12,_raw,1,process / file / registry content
lineage_01296,12,_raw,1,process / file / registry content
lineage_02220,2,service,2,network identity
